,TFs,Fibroblasts,Myofibroblasts,Myogenic,cell_cycle,AS,Circadian,Core_reprogramming,Senescence_GO,Senescence_UP,Senescence_DOWN,DNA_damage,Chromatin_remodeling,TF_activity,Pos_apoptosis,Neg_apoptosis,Quiescence_TFs
0,ZNF354C,RARRES2,LUM,SLC5A1,HCFC1,CWC27,TEF,HDAC9,NUAK1,ABCA3,AASS,EXO1,H2AJ,IL1B,RBM5,NUGGC,ATF3
1,KLF12,CELA1,PRRX1,LOX,KANK2,DDX20,SFPQ,POLR2C,PNPT1,ABHD4,ABHD3,NRBP2,HCFC1,FER,PRNP,UBE2Z,ATF4
2,ZNF143,LUM,COL1A1,LMOD1,NUGGC,RBM3,THRAP3,PTN,TERT,ACYP2,ACTL6A,INO80E,INO80E,NEUROG2,UBE2Z,CX3CL1,CTNNB1
3,ZIC2,PRRX1,COL5A2,EDNRA,RFPL1,RBM5,NKX2-1,JUN,SIRT1,ADAM19,ACTR5,CDK3,HDAC8,RIPK4,CAV1,UNC5B,BACH2
4,ZNF274,SCARA5,COL5A1,AQP1,MARK4,RBM23,LOC102724428,MED31,TP53,ADAM23,ADAMTS6,WNT1,BAZ2A,TLR4,LATS1,NRBP2,JUN
5,SP2,COL1A1,COL12A1,CRYAB,ANKK1,SFPQ,BHLHE41,EVC,WNT1,ADAMTS5,ADGRA3,CLU,RING1,PARP10,F3,TNFSF18,CEBPB
6,ZBTB7A,COL5A2,IGFBP5,ADIPOQ,ZNRF4,DHX9,PPP1CC,BHLHE41,SIRT6,ADIPOR1,ADSL,IKBKG,NPM2,LONP1,CLU,CAV1,CEBPA
7,BCL6B,COL5A1,COL6A1,FABP4,INO80E,THRAP3,CHRNB2,TTN,TBX2,AHCYL2,AEBP1,DDIT4,H4C15,SIVA1,USP27X,ENO1,CTCF
8,ZBTB49,FNDC1,FBN1,FMOD,RBM46,NOL3,CRY1,FNTA,TP63,AHNAK2,AKAP12,NME3,BRD7,DHX9,LCK,PHB2,E2F4
9,ZIC1,COL12A1,ISLR,COX7A1,IPO7,SNRPN,ARNTL2,COLQ,KIR2DL4,AK3,ALKBH2,NKX3-1,KAT2A,AGXT,NKX3-1,HMOX1,E2F5
10,ZNF232,COL6A1,PCDH18,HSPB7,LATS1,RBM41,BHLHE40,HIVEP3,AKT3,AKR1B1,ALYREF,FMR1,CENPA,TNFSF18,EPHA7,WNT1,E2F1
11,ZNF282,LOX,CALD1,HSPB6,PHB2,BUD13,CD200R1,PDGFA,ING3,AMPD3,AMPH,SIRT7,H1-0,S100A12,ITGA6,CLU,E2F2
12,ZNF410,FBN1,SVEP1,HSPB2,LRP6,RBM8A,RBM4,SHOC2,RBL1,ANGPT1,ANLN,STK38,SMARCC1,RELA,HRK,NAIP,E2F3
13,ZSCAN16,DPT,MMP2,LAMA2,CDK3,CELF1,CREBBP,WNT4,HLA-G,ANGPTL4,ANP32A,MTREX,SIRT7,LRP6,CASP7,MAPK8IP2,ERG
14,ZNF524,TWIST2,LAMB2,HSPB2-C11ORF52,NPM2,RBM20,PER2,CBL,ARG2,ANKRD1,ANP32B,URI1,APOBEC3C,PHB2,CTSH,PKHD1,ETS1
15,ZNF713,ISLR,PARVA,PNMT,CCNI2,GEMIN7,HLF,GTF2F2,B2M,ANKRD29,ANP32E,BAZ1B,BAZ1B,CDK5RAP3,FADD,NAA35,MECOM
16,ZNF75A,PCDH18,COL3A1,DES,ZNF655,PRPF8,RORB,FER1L5,YPEL3,ANO10,APCDD1L,HLTF,MAGI1,SIRT1,FOXL2,PTK2B,FOXC1
17,ZSCAN4,EFEMP1,COL14A1,TPM1,MAP10,KHDC4,PDE6B,RAC1,NEK6,ANTXR1,APEX1,RECQL,H2AB2,NLRC3,PNMA1,CPEB4,FOXM1
18,ZNF200,SERPINH1,LMOD1,FLNC,BRD7,RBM47,PPP1CB,HLF,MORC3,ANXA4,APEX2,UBE2B,METTL3,CLU,JMY,URI1,FOXO3
19,SNAI2,SVEP1,TIMP3,GATA6,KAT2A,HNRNPL,CRTC1,HNRNPH1,FBXO5,AOX1,APOBEC3B,YAP1,VPS72,TCF7L2,CTNNBL1,HIPK3,FOXP1
20,KLF1,MMP2,COL4A1,MYOCD,SMIM22,SNRNP200,ID2,SETX,YBX1,APH1B,APOC1,EME2,SETD4,IKBKG,TRIM35,ITGA6,GATA6
21,BCL6,MMP3,COL4A2,PTH1R,RCC2,LUC7L,PASD1,FGF5,RSL1D1,APLP1,ARHGAP11A,SETX,CHAF1B,TAF1,PPARG,YAP1,HES1
22,EGR2,LAMB1,FSTL1,HAND2,MADD,CDK13,RORA,EYA1,ZKSCAN3,APOL2,ARL6IP6,METTL3,MCRS1,AREG,KLF11,VPS72,HLF
23,OVOL2,COL3A1,EDNRA,JPH2,AKT2,FRG1,DBP,FRS3,FZR1,APP,AS3MT,FOXM1,NSMCE1,NLRP12,HOXA5,CX3CR1,ID1
24,GFI1,COL14A1,COL1A2,DUSP26,CHMP2A,PRPF31,PARP1,GTF2I,TWIST1,ARF4,ASF1B,UBA6,RAD21,TRIM5,QRICH1,PELI3,ID4
25,GFI1B,LAMC1,MXRA5,SORBS2,NKX3-1,NUP98,FBXL21,RBM38,EEF1E1,ARHGAP29,ASNS,MCM7,DDX11,PKHD1,ANO6,CTSH,KLF2
26,KLF11,LMOD1,MYL9,KLHL41,SMARCC1,FMR1,CLOCK,CUL3,VASH1,ARHGEF3,ASPM,MCRS1,TRMT112,BMP7,TMEM196,ANKLE2,KLF4
27,WT1,TIMP3,LRP1,CD36,UBE2C,SRSF1,KAT5,HAS2,S100A9,ARHGEF37,ATAD2,RAD51D,PARP1,BHLHE40,RPS3,GLO1,KLF7
28,ZNF655,EN1,TAGLN,PRKG1,KNTC1,MTREX,EP300,WNT2,CGAS,ARL15,ATP5F1C,FAAP20,GPX1,ANXA4,PTRH2,PPEF2,KLF9
29,FOXC1,TBX18,MRGPRF,ATP1A2,MORF4L1,SYNCRIP,PML,COL19A1,TERF2,ARMC9,AURKA,PLK3,TDRD12,TRIM40,RET,PLK3,LEF1
30,ARX,COL4A1,AQP1,HHATL,ZBTB17,CWC15,CSNK1A1,PITX1,CDK6,ARMCX3,AURKB,NSMCE1,UBR2,CHUK,STPG1,MARCHF7,MECP2
31,VSX1,COL4A2,PLSCR4,SORBS1,GPR15LG,TSSC4,PPP1CA,MTA2,HMGA2,ARRDC4,BANF1,MARCHF7,MTA2,PRKD2,ATF4,SH3RF1,MED1
32,CRX,FKBP10,CRYAB,CXCR4,GSPT1,LUC7L3,NR1D1,BMPR1A,NEK4,ASAH1,BARD1,GNB1L,KMT2D,TLR2,IRF5,NONO,ELF4
33,PBX4,FSTL1,PLPP3,MITF,CFH,SLU7,TP53,AKT1,PTEN,ATG4A,BAZ1A,STXBP4,TCF7L1,PPP2CB,GADD45G,GPX1,MXI1
34,PHOX2B,EDNRA,TNS1,CTNNB1,BAZ1B,LSM6,PIWIL2,GPCPD1,BMAL1,ATP10D,BAZ1B,DDX11,MECOM,ZIC2,PLEKHN1,LACRT,MYC
35,VAX2,IL1R1,TNS2,BMP4,MAGI1,MAGOHB,CSNK1D,FOXC2,,ATP2B4,BCL2L12,PARP1,H2AC11,CD40LG,PHLDA3,GCG,NFKB1
36,VSX2,COL1A2,ADAM33,HAMP,NANOGP8,CDC40,DEC1,SDC4,,ATP6AP1,BCS1L,RBX1,HDAC4,IL10,CASP6,ARMC10,RBPJ
37,MSX2,MXRA5,ADGRL4,NKX2-5,POLE,RBM44,BTRC,WNT5A,,ATP6AP2,BGN,NUDT1,UIMC1,OPRD1,LTA,BCL2L12,NFE2L2
38,ESX1,MYL9,FIBIN,GATA4,WIZ,CWF19L2,FBXL3,PML,,ATP6V0A4,BIRC5,SMYD2,TADA2B,RPS6KA5,BCL2L14,DAB2,RARA
39,HOXD13,TAGLN,MEDAG,MYH6,METTL3,SNRNP35,ARNTL,ENO3,,ATP6V0C,BLM,TICRR,LEF1,FOXJ1,TFAP4,RFFL,NR1H3
40,NKX2-8,MRGPRF,BGN,ANKRD1,VPS72,HNRNPH1,CSNK1E,REST,,ATP6V0D1,BORA,TREX1,HDAC11,ID2,PRKCI,MINDY4,NR4A2
41,VENTX,SRPX2,PODN,CAP2,FOXM1,SETX,PPARGC1A,RFFL,,ATP6V0E1,BRCA1,UIMC1,SUDS3,TSSK4,FZD9,ZMYND11,PAX3
42,HESX1,CYP1B1,FMOD,CKM,NUDT16,METTL3,MTA1,PTGS2,,ATP6V1A,BRI3BP,PPP1CA,SOX2,FOXS1,APP,ICAM1,PAX7
43,PITX2,COPZ2,ANGPTL2,ACTN2,JUND,METTL14,RORC,ACTN3,,ATP6V1G1,BRIP1,PLK5,ATRX,ID1,HMGB1,LEF1,PBX1
44,PROP1,PLSCR4,OLFML3,TRPV1,PPP1R13B,HNRNPA3,OPN5,TP53,,BAIAP2L1,BRIX1,MUS81,BANF1,CARD9,NDUFA13,MAGEA3,PPARD
45,ISX,PLAC9,PDGFRB,MYL7,MCRS1,ARB2A,FXR1,SIX1,,BLCAP,BUB1,ACER2,DNMT1,LRRC14,LOC102724428,MAP2K5,SPI1
46,NKX2-5,TNS1,PDGFRA,OBSCN,DLG1,SF3B5,PER1,CHD7,,BMT2,BUB1B,REXO4,TADA2A,NLRC4,PROC,LOC102724652,REST
47,SIX6,ADAM33,CXCL12,FNDC5,GIT1,HNRNPH3,PER3,BMI1,,BPGM,BUB3,UBA1,CTCF,WNT2,TMC8,CREB3L1,RUNX1
48,HOXC4,ADGRL4,FAP,MYL1,PLK3,ZRSR2,BMAL2,FUZ,,BRI3,BUD13,USP28,PER1,IKBKB,BCL2L1,PSME3,SALL2
49,HOXB7,FIBIN,POSTN,SYPL2,CUL5,CELF3,nan,CAV3,,BSDC1,C12orf45,ZBTB38,TSSK6,USP7,MOAP1,SOS1,SATB1
50,PAX6,ACVRL1,COL6A3,MYL2,TRIM35,U2AF2,SIN3A,POLR2E,,BTC,C19orf48,SHLD3,CHMP7,PRKCH,STK17A,BABAM2,STAT1
51,PAX7,MEDAG,HTRA1,PPP1R3C,RAD21,RBM22,FBXW11,MTOR,,BTG2,C1orf174,CNRIP1,CFDP1,COMMD7,NUPR1,TNFRSF10D,STAT3
52,PAX4,BGN,C1QTNF5,MYL3,STXBP4,COIL,NLGN1,DSTYK,,C11orf96,C1QBP,RPS3,PLK1,NEUROG1,GPLD1,TNFAIP3,STAT4
53,PAX3,FMO2,ACTA2,MYL4,OR1A2,SRRM4,NPAS2,CEP57,,C15orf48,C3orf14,ATRX,ZNF83,HAND1,IP6K2,PTRH2,TLE4
54,POU4F3,PODN,MFAP4,MHRT,SCAND3,SNRPB2,PTGDS,FGF11,,C19orf18,C8orf59,TIMELESS,HIRA,ARRB1,ZBP1,NME2,TP53
55,POU6F2,FABP4,HSPB6,CORO6,KLF11,EFTUD2,RBM4B,EYS,,C1orf198,C8orf88,BABAM2,HIPK2,MAP3K13,DNM2,AREL1,YAP1
56,POU3F4,FMOD,HSPB2,ASB5,DDX11,GEMIN6,USP2,ITGB1BP1,,C3,C9orf64,E2F7,H3-4,AGER,NLRP2B,BDNF,YY1
57,NR1H4,ANGPTL2,SOD3,ALPK3,ZNF207,SF3B3,NR1D2,IQGAP1,,C5orf46,CALML4,XPC,FOXP3,IRAK3,SAV1,MDM2,ZEB1
58,NR2E3,CCL11,DCN,FILIP1,INHA,HTATSF1,CRH,SGCA,,CALCOCO1,CASP1,MDM2,PADI4,NFKBIL1,ANKRD1,BIRC5,ZNF521
59,POU2F1,TCF21,C1R,ASB2,HECW2,CTNNBL1,CRY2,PLA2G1B,,CALD1,CBR3,MACROD1,YEATS4,DVL2,CDK5R1,ATF4,
60,RBPJ,OLFML3,C1S,KLHL38,DMRT1,SMN1,SKP2,PTPN11,,CAP2,CBS,GTF2H1,RNF2,SMAD3,BAD,FXN,
61,FOXP1,GSN,LAMA2,SMPX,NPAT,CELF5,,CD74,,CASTOR3,CBX3,RASSF1,NAP1L1,TCF7L1,VDAC1,ITGAV,
62,MAX,PDGFRB,THBS2,SYNPO2,PES1,CLNS1A,,TP53INP1,,CAV2,CBX5,UBE2U,DNMT3L,FZD4,BCL10,PIM2,
63,PHF1,PDGFRA,ADAMTS5,NEXN,ANLN,HNRNPUL1,,GRB2,,CAVIN4,CCBE1,RRM1,MOV10L1,ESR2,PRMT2,PLK1,
64,MTF2,CXCL12,TPM2,PPP1R3A,CDK2AP2,SF3B2,,CORO1C,,CBX7,CCDC138,DYRK2,APOBEC3A_B,NFKBIA,MYBBP1A,LGMN,
65,BCL11A,FAP,DKK3,COX6A2,TCF7L1,NOVA2,,HES1,,CCDC9B,CCDC58,PLK1,HDAC5,PLCG2,ATG7,TMBIM4,
66,BCL11B,COL5A3,DES,KLHL31,ERCC2,SNW1,,FOS,,CCND1,CCDC77,PHLDA3,HMGB1,DAB2IP,TNFRSF10B,SON,
67,FOXN2,FBLN5,TPM1,ASB10,OVOL2,PRMT5,,HAND2,,CCND2,CCDC8,ZNF83,KDM4F,COMMD6,TLE5,FLNA,
68,FOXR1,CLEC3B,FLNC,SLN,CCNL1,SYF2,,SPRY2,,CCNG1,CCNA2,PPP4R3B,SPOCD1,SMARCA4,SIAH1,TMEM161A,
69,SOX4,POSTN,CDH11,NRAP,ANAPC15,SRSF5,,NDST1,,CD163L1,CCNB1,HIPK2,H3C7,HDAC2,MTCH1,CDH5,
70,SOHLH2,COL6A3,CNN1,MFN2,MECOM,PRPF38A,,HYAL1,,CD36,CCNB2,NABP1,SUV39H2,SP100,TFAP2A,FGG,
71,ZSCAN29,COL6A2,EFEMP2,TBX20,ANKRD17,LSM2,,TEAD4,,CD81,CCNE2,TMEM161A,KAT7,BEX2,C3,CD28,
72,PLAGL2,HTRA3,MYOCD,CCN2,DHDDS,SCAF11,,CAPN2,,CDH10,CCNF,TWIST1,PIH1D1,RWDD3,NANOS1,PRKCI,
73,VEZF1,HTRA1,LAMA4,RXRG,UIMC1,U2AF1L4,,GCLM,,CDKN1A,CCNJ,TFAP4,TNP2,WNT5A,SPDEF,PRAME,
74,ZBTB44,COX7A1,ADAMTSL1,FGF23,GFI1B,SFSWAP,,POLR2K,,CDKN2A,CCT2,GFI1,CGGBP1,CLOCK,TPD52L1,MEF2C,
75,CENPBD1,OLFML2B,LDB2,MYH7B,PLK5,GCFC2,,RAPSN,,CDKN2B,CCT5,CCNK,WAC,HDAC4,MAP3K10,FZD9,
76,TIGD1,LTBP2,TMEM47,TNNC1,LEF1,REST,,FNTB,,CERCAM,CDC20,MCM10,MYO1E,MAVS,ZNF268,FGA,
77,CXXC5,C1QTNF5,NTM,ADPRHL1,KIF20B,PPIH,,FGF1,,CHPF2,CDC25B,RPA3,PCBP2,SUFU,NHERF1,HSPA1A,
78,FOXN3,IGFBP7,THY1,TNNT2,CDK18,PQBP1,,STK17B,,CITED2,CDC25C,PROC,H2AC6,CAPN3,CFLAR,HSPA1B,
79,HDX,C1QTNF1,PRKG1,COL21A1,INSR,LUC7L2,,BAK1,,CLDN1,CDC42EP4,IRF7,GDNF,CMKLR1,MAP3K20,LRP2,
80,DUXA,ACTA2,SULF1,CASQ1,BBS4,RBM17,,API5,,CLIP3,CDC45,BCL2L1,TDRD1,EIF2AK2,DCUN1D3,IL1A,
81,MSANTD3,DAB2,GFAP,CASQ2,JADE1,PTBP1,,TGFBR1,,CLN8,CDC6,WAC,PER2,RHEBL1,HLA-G,PEA15,
82,ZZZ3,MFAP4,GJA1,STRN,SOX2,U2AF1,,PIK3CA,,CMYA5,CDC7,MOAP1,HCFC2,TNFSF11,CD160,TERT,
83,LCORL,NNMT,DAAM2,ZFPM2,PSME3,SRRM2,,IL4R,,CNN1,CDCA2,PPP2R5C,MRNIP,ID3,CARM1,CLEC5A,
84,NFATC4,HSPB6,PTN,MYOM1,ATRX,DDX39A,,BAG4,,CNNM2,CDCA3,MAPK14,NPM1,NKX6-1,TNFRSF10C,PROC,
85,CUX2,CLEC14A,MYLK,MYOM2,BABAM2,SRSF9,,JAG1,,COBLL1,CDCA4,HUS1,BAZ2B,WWP2,FOXO1,PPIA,
86,CUX1,SOD3,FN1,NOTCH1,E2F7,DHX8,,TIA1,,COL8A1,CDCA5,FEM1B,SMC6,TRAF6,HTRA2,FFAR4,
87,DLX3,DCN,PPP1R3C,PDE1A,ANAPC2,RNF113A,,NET1,,COQ10B,CDCA7,TNFRSF1B,SETDB2,UFL1,SLC48A1,BCL2L1,
88,LHX9,ASPN,RASL12,ENO3,MBLAC1,GPKOW,,NDUFS4,,COX7A1,CDCA7L,WDR48,H2AC20,ZNF675,CASP4,NUPR1,
89,POU5F1B,C1R,CCDC80,FGF2,CUL9,RBMX2,,THBS1,,CPA4,CDCA8,PTTG1IP,BABAM1,FZD6,KNG1,GREM1,
90,NFATC2,C1S,COL16A1,NPPC,XPC,SRFBP1,,PRKCE,,CPPED1,CDH11,RAD51C,ARTN,RPS3,HSPD1,RHBDD1,
91,ZFHX3,COL15A1,SLIT3,ART3,PUM1,RBMY1B,,KCNAB1,,CPQ,CDK1,ZBTB4,WDR5,RNF25,UTP11,LIG4,
92,KDM2B,LAMA2,PAMR1,SOX18,RAB11FIP4,SNRPC,,KLB,,CREBRF,CDK2,GDNF,PRMT2,BTRC,CDK5,NKX2-6,
93,KMT2A,THBS2,FBXL7,CMYA5,BIRC5,PHF5A,,RBFOX2,,CREG1,CDK4,SPIDR,PRDM16,ZC4H2,TLR4,BAG3,
94,DNMT1,ADAMTS5,SPARC,NMRK2,MDM2,SRSF12,,TRIM32,,CRYAB,CDK5RAP2,TTF2,HMG20A,TNFSF4,SFPQ,PTTG1IP,
95,TET1,ADAMTS2,DDR2,NPPA,USP50,TRA2A,,THRA,,CRYL1,CDKN2C,NABP2,MYBBP1A,FOXA2,RACK1,GDNF,
96,DMRT3,DKK3,ELN,GJA5,TADA2A,DAZAP1,,FAM65B,,CTGF,CDKN3,NUPR2,BRD2,TNFAIP3,CTSD,CBX4,
97,DMRT1,FOXF1,TEK,NPPB,RASSF1,DHX38,,POLR2L,,CTSA,CDT1,NFATC2,MBD3L1,GLIS2,TGM2,SEMA4D,
98,DMRTA2,CDH11,PALLD,CACNA1S,JADE2,ILF3,,FGFRL1,,CTSB,CEBPZ,KMT5A,DMAP1,PPARGC1A,CRADD,SPHK1,
99,DMRT2,COL13A1,PHLDB1,GPIHBP1,PLCB1,DDX39B,,MORC3,,CTSD,CENPA,MSH2,ANP32B,PRKCQ,RPL26,GOLPH3,
100,E2F2,EFEMP2,RPS8,SMCO1,GADD45G,DDX46,,NR2C2,,CTSF,CENPE,MRNIP,TDRD9,CEBPG,CD40LG,HIF1A,
101,FOXK1,NID2,RPL21,TRDN,NEK6,HNRNPUL2,,RPS6KB1,,CTSZ,CENPF,NPM1,ATAD2B,SRF,NCK1,MYDGF,
102,FOXG1,EMILIN1,RPS9,TRIM63,RRM1,RBMXL2,,OSR1,,CXCL10,CENPH,XIAP,BEND3,CACTIN,AIFM2,HSPA5,
103,GCM1,LAMA4,RPS6,MYBPC3,CHMP7,DDX41,,VAMP5,,CYB561A3,CENPI,POLH,SF3B1,PROX1,CASP5,SMAD6,
104,HOXA2,ADAMTSL1,RPS7,CAV3,PIM2,CELF6,,ANKRD1,,CYB5D2,CENPJ,SMC6,H2AX,ARHGEF2,PTPRA,PRDX3,
105,NOBOX,UCP2,EEF1A1,BDNF,PLK1,HNRNPA1,,BIN3,,CYB5R1,CENPK,RPA4,VCX,PSMA6,TNFRSF8,SMG9,
106,LHX2,FRZB,S100A6,ACTA1,CCNJ,TXNL4A,,KEL,,CYFIP2,CENPM,BABAM1,LRWD1,KDM1A,TSC22D1,MSH2,
107,LHX6,S100A4,RPL28,RPL7P3,DYRK3,HNRNPR,,KLHL31,,CYP2U1,CENPN,UBQLN4,HMGN1,PYDC1,BBC3,ANGPT4,
108,TLX2,NR2F6,RPL29,SYNPO2L,BRINP2,ESS2,,GTF2IRD1,,CYSTM1,CENPQ,PIAS1,L3MBTL1,TRIM26,TLR6,NPM1,
109,EMX1,TNFRSF1B,RPL11,RBM20,LGMN,EIF4A3,,HEYL,,DAB2,CENPU,INTS7,MRE11,NOD2,MAP3K11,OSR1,
110,ZFHX2,HCK,RPL12,HRC,PRPF40A,RBM15,,TMEM201,,DAGLB,CENPW,TFDP3,C6ORF89,CYP1B1,DAB2IP,XIAP,
111,LBX1,FGR,RPL15,ITGA7,SON,CACTIN,,TBX1,,DCBLD1,CEP128,CENPS-CORT,KDM5C,TMIGD3,BLID,LTK,
112,HOXB13,THY1,RPS2,RBM24,PTPN6,GPATCH1,,HNRNPF,,DDA1,CEP135,ARTN,SMC5,PSMD10,LGALS3,PPIF,
113,ZHX1,PENK,RPS3,TRIM54,NABP1,SRRM1,,POLR2B,,DDAH1,CEP162,TERF2,SAFB,CHORDC1,CD300LF,HIGD1A,
114,POU6F1,SULF1,B2M,TRIM55,HIPK2,SF3A3,,CAMK2B,,DDB2,CEP55,SMC1A,SLF1,TERF2IP,RPS6,PTPN1,
115,SHOX,SGCD,RPL19,MYH7,TRIM21,DBR1,,SHISA2,,DDX58,CEP57,CHCHD6,KDM5A,EIF2AK4,WNT5A,PRR5,
116,ANHX,ENTPD2,RPL18,RASL12,CDK5RAP1,DNAJC5,,ANKRD33,,DGKA,CEP57L1,REXO2,CARM1,UBE2N,SMPD1,BAD,
117,MYRF,VIM,RPL41,SLC25A4,INSM2,RBMY1D,,MSX1,,DHRS1,CEP70,FOXP1,ZNF827,S100A8,REST,VDAC1,
118,NR2E1,CD40,EIF1,RRAD,TFAP4,NCBP2,,GNA12,,DHRS3,CEP78,CDK2,H3-3B,PTGIS,SFRP1,NCKAP1L,
119,NR3C2,FLI1,RPS27,MTTP,CD28,SF3B4,,SIK1,,DHRS7,CEP83,INIP,DDX23,ALK,NEURL1,HCK,
120,NR2F6,ITGAL,ND2,HSPB8,YEATS4,HNRNPC,,TIAL1,,DIO2,CGAS,ZBTB40,UHRF1,STING1,RPS6KA2,PAGE4,
121,RARG,CD55,ND1,HSPB3,RIPOR2,SDE2,,CDKN1A,,DKK3,CHAF1A,ZNF367,SS18,NOD1,MYC,ERBB2,
122,NFATC3,NT5E,FTL,LMOD2,TERF1,WBP4,,LRIT3,,DNAJB4,CHAF1B,HIC1,USP3,CARD14,PMAIP1,ANP32B,
123,RFX2,GJB2,ND4,STC1,FZD9,RBM25,,RCSD1,,DNAJB9,CHD1,AIM2,FAM50A,POU4F2,TP53,CRIPTO3,
124,GMEB1,HGF,RPS23,ADM,INCA1,RBM10,,IFRD1,,DNASE1L1,CHEK1,H2AX,PSIP1,HIPK2,TFAP2B,SCG2,
125,THAP12,CCR2,ND3,ADIPOR1,EPC2,KHDRBS2,,BCL9,,DNER,CIP2A,BCL3,MTHFR,FLNA,C4A,NGF,
126,GLI2,CD44,RPS24,HMGB2,APP,SON,,DDX5,,DPP4,CIT,FANCL,ASF1A,FZD2,VNN1,NAA16,
127,GLI3,PTCH1,RPL5,ADIPOR2,IL1A,PRPF40A,,CTNNB1,,DPYSL4,CKAP2,MRE11,ZBTB1,DNAJA3,TP63,RNASE3,
128,GLI1,ZEB2,RPL3,VLDLR,PDIK1L,PRMT7,,FGFR2,,DRAM1,CKAP2L,MAP3K20,HDAC6,TRIM21,IFIT2,CEACAM6,
129,ETS1,FN1,RPL30,KBTBD13,PROC,RBPMS,,RBM24,,DUSP10,CKS1B,FEN1,MKI67,MAD2L2,CCL2,TFAP2A,
130,NFIL3,SYNPO2,RPL32,C14ORF180,LOC102724428,USP49,,CFLAR,,DUSP3,CKS2,SMC5,NAP1L2,NLRP3,BAX,YME1L1,
131,MZF1,TBX20,ATP6,CSRP3,ANGEL2,SF3A1,,FGFR3,,DUSP6,CLDN11,SLF1,SRCAP,FOXP3,SIRT2,BCL3,
132,RREB1,CCN2,RPL34,PDLIM3,KAT7,SRSF7,,FRS2,,DYNLRB2,CLSPN,TFIP11,YTHDC1,PAXIP1,PDCD5,OPN3,
133,SPIB,ENO3,RPL9,SGPL1,CPSF3,RBM15B,,CDC5L,,DYNLT3,CMC2,POLR1B,LOXL2,JUP,LGALS1,ZNF268,
134,FOXF2,FGF2,RPL8,MB,BCL2L1,TNFAIP8L2-SCNM1,,BRAF,,EDEM2,CMSS1,PDS5A,PARP10,FOXA1,PLCG1,MRE11,
135,FOXD1,CCDC80,RPS16,DHRS7C,CCNI,PABPC1,,ETV5,,EDIL3,CNOT6,UHRF1,SFPQ,FOXH1,CASP2,RAMP2,
136,PBX1,MGP,RPS15,XIRP2,UHRF2,SNRPE,,SMO,,EDN1,CNRIP1,SHLD1,KDM5D,CRTC2,CYP1B1,CFLAR,
137,IRF2,COL16A1,RPS18,XIRP1,NUPR1,CIRBP,,TNS1,,EFEMP1,CNTRL,USP3,PHF10,ADGRG3,S100A8,TRAP1,
138,RORA,SLIT3,RPS19,PDLIM5,PHACTR4,LSM3,,ZEB1,,ELL2,COL15A1,PPP4R3C,TONSL,IL6,BNIP3L,EYA3,
139,PPARG,PAMR1,FTH1,SMYD1,CDC16,RNPS1,,NR2F2,,EMC7,COL5A3,FNIP2,SKP1,TIRAP,APBB1,TLE1,
140,REL,PRG4,RPL37,IP6K3,IRF1,RBFOX3,,EHD1,,ENC1,COL6A3,ASF1A,MYSM1,TBXT,ECT2,FIGNL1,
141,RELA,TCF4,COX3,CPT1A,FEM1B,SNRPD3,,SAP30,,EPAS1,COLEC12,ZBTB1,CBX3,PRKCI,LTBR,IL2,
142,SOX9,SPARC,COX2,IL11RA,CDK14,PRDX5,,MYH3,,EPHA4,COQ2,TIPIN,PARP9,RNF2,PDCD6,HAX1,
143,SRY,VEGFA,COX1,PGAM2,ARPP19,RSRC1,,DDX17,,ETV7,COQ3,ENDOG,TEX15,MID2,FASN,DKK1,
144,TFEB,MMP14,RPS11,PDE4D,NCAPD3,HNRNPU,,,,F3,CPNE2,RHNO1,CBX5,GFI1,BAK1,HIGD2A,
145,TCF4,DDR2,RPS14,FAM189A2,PTGES2,GEMIN5,,,,FAM198B,CRISPLD1,FOXO1,ZNFX1,TRAF1,E2F1,NFATC4,
146,CEBPE,ELN,RPS13,KLHL40,RAD51C,PRPF3,,,,FAM214A,CRYBG1,HTRA2,SMYD5,MYD88,TGFBR1,MAZ,
147,XBP1,PBX1,RPL13A,FABP3,PRKCE,MFAP1,,,,FAM214B,CSE1L,RPS6KA6,NR5A2,EGLN1,BMP2,BAG1,
148,PRDM1,EDN3,RPS3A,TXLNB,LEP,SNRNP40,,,,FAM219A,CTCF,HERC2,VCPIP1,LGALS9,DAPK1,NKX2-5,
149,EHF,IL6,PTMA,HAND1,CCNF,SRSF10,,,,FAM43A,CTDSPL2,PSEN1,SATB1,TRIM8,ACVR1C,CRLF1,
150,ERG,CXCL8,RPL37A,TCAP,CLASP1,RBM42,,,,FANK1,CTNNAL1,ZNF432,KAT6B,NTRK1,THBS1,FOXO1,
151,FOXJ3,CXCL14,CYTB,SMTNL2,PER2,USP4,,,,FAS,CTSC,POLD1,RNF8,TRIM22,BCL2L11,HTRA2,
152,GATA1,NR4A2,BTG2,RYR2,DBF4B,ISY1-RAB43,,,,FAT1,CWF19L1,OTUB1,PRMT3,HSPA1A,GZMA,HCLS1,
153,MEIS2,STAT3,RPS27A,FHL2,SPHK1,SRPK2,,,,FAXDC2,CXCL12,RPTOR,ACTR6,HSPA1B,SCRIB,PSEN1,
154,POU2F2,KLF4,H3-3B,ATP2A2,GMNC,SRSF3,,,,FBXL20,CYTL1,PPP4R3A,PRMT5,TAX1BP1,AIFM1,HSPD1,
155,HSF2,TEK,RPL35A,LDB3,CUL1,HSPA8,,,,FBXO32,DARS,PNKP,BRD9,HDAC5,SOD1,LONP1,
156,MEF2C,MEOX1,TPT1,PYGM,BUB1,PPWD1,,,,FBXO6,DARS2,TIGAR,H2AL3,CIB1,PRDM11,RACK1,
157,RXRG,CCL19,RPLP2,ACTC1,BTG4,SMU1,,,,FGF2,DAZAP1,GNL1,H2BC15,MTDH,TNFRSF10A,NOL3,
158,NFATC1,VCAM1,RPLP1,TTN,NABP2,TIA1,,,,FHL1,DBF4,ING3,HDAC2,CAMK2A,TNF,IL7,
159,RFX3,INMT,RPL10A,SRL,BOP1,KHDRBS1,,,,FILIP1L,DBI,CRADD,H2AZ1,DHX33,FBH1,FSTL1,
160,RUNX3,ITGBL1,RPS4X,PLN,DNM2,ZMAT2,,,,FLNC,DCHS1,MASTL,SMARCA4,TRIM13,TOP2A,TCF7L2,
161,EOMES,FKBP7,TMSB4X,CKMT2,NUPR2,SNRPF,,,,FN1,DCPS,RPL26,INO80B,NEUROD2,TANK,PRLR,
162,TFAP2B,COL4A3,RPL18A,SGCG,ENSA,C9ORF78,,,,FNDC3B,DDIAS,CBX3,SGF29,LOC102724428,NGFR,AXL,
163,TFAP2C,PALLD,RPL7A,C10ORF71,MRFAP1L2,BUD31,,,,FNDC4,DDIT4L,PARP9,ASH2L,TRIM6-TRIM34,RRP1B,WDR73,
164,TFAP2A,COL4A4,VIM,HEY2,CDCA8,PPIE,,,,FOLR3,DDX11,FANCC,PCGF6,RTKN2,WNT10B,NIBAN2,
165,ZBED1,PI16,ZFP36,SGCA,NLRP2B,BCAS2,,,,FRMD6,DDX18,CBX5,ARID1B,KIT,TGFB2,ING3,
166,MLXIPL,ACKR3,JUND,CKB,DRD2,LSM8,,,,FRY,DDX39A,BTG2,REST,PPIA,PNMA2,HERPUD1,
167,TFE3,IL34,C11ORF96,SPEG,KNL1,SNRPA1,,,,FTH1,DEK,ZDHHC16,SPNS1,ZNF431,ECSCR,CD40LG,
168,MNT,ITIH5,MT2A,TNNI3,NPM1,STH,,,,FUCA1,DEPDC1,SAMHD1,H1-8,IL18RAP,PNMA5,GHITM,
169,TCF3,SPON2,JUN,CTNNA3,PINX1,USP39,,,,FZD8,DEPDC1B,NDRG1,KDM4B,TRIB1,DAND5,SCRT2,
170,TFAP4,CYBRD1,NFKBIA,DMD,PPP6C,CD2BP2,,,,GABARAP,DERA,ANKLE1,BRD1,LTF,TCTN3,GAS6,
171,TFEC,VTN,FOS,MYOZ2,XIAP,GEMIN4,,,,GABARAPL1,DFFB,USP45,SETD1A,TRIM25,SLC27A4,FATE1,
172,MLX,PCSK6,TIMP1,MYOZ1,SMC6,RBM4,,,,GADD45A,DHFR,FANCA,DNMT3A,EPHA5,EMILIN2,VSTM2L,
173,MYF6,FOSB,CD63,TNNI1,PDZD2,RBM6,,,,GALNT5,DHX15,VCPIP1,TP53,PRKD1,OLFM1,SLC25A4,
174,BHLHE41,RUNX1,CEBPD,LUM,BABAM1,NCBP2L,,,,GAS6,DIS3L,MACROD2,MYC,SPI1,HYAL2,SH3RF2,
175,BHLHE23,DKK1,FBLN1,PRRX1,TFDP3,SNRNP70,,,,GBA,DKC1,RNF8,COPRS,NUPR1,LATS2,TSC22D1,
176,ARNTL,ABI3BP,LGALS1,COL1A1,CCDC57,ZBTB7A,,,,GDE1,DLGAP5,SHPRH,KDM4C,NEUROD1,CASP8,HDAC2,
177,BHLHE40,PIP4K2A,IER3,COL5A2,ARTN,RBFOX2,,,,GDF15,DNA2,BBC3,RBBP7,FANK1,ATF6,HYPK,
178,CLOCK,CCN4,SOD2,COL5A1,WDR5,RALY,,,,GFPT1,DNMT1,INO80B,CHD3,PEX14,CCAR1,SET,
179,HEY2,EGR1,FOSB,FKBP9,PRMT2,XAB2,,,,GINM1,DOCK11,ASH2L,NPM3,CAMK1D,FLCN,AKT1,
180,USF1,PRKCD,HSPA1A,AMOTL2,TERF2,KCNN4,,,,GLB1,DONSON,TAF9B,SIRT2,RIPK1,ITPR1,LGALS3,
181,HEY1,SLC6A13,HSP90AA1,CSPG4,EREG,HNRNPM,,,,GLMP,DPH5,BRCA2,DPF1,GDNF,FIS1,VTCN1,
182,MESP1,IGF1,HSPA5,YAP1,BTG3,ARGLU1,,,,GLRX,DPYSL3,TELO2,RBM15,EOMES,USP17L24,PTK2,
183,NEUROD2,FOSL2,HSP90AB1,COL12A1,MYBBP1A,DDX1,,,,GLS,DSCC1,TP53,KDM1A,TP53BP1,RHOB,WNT5A,
184,NHLH1,TREML4,PNRC1,EGFR,CDK2,LIN9,,,,GM2A,DSN1,PMAIP1,M1AP,TRIM38,C1QBP,TAF9B,
185,OLIG3,NOX4,SLPI,UACA,INIP,ZC3H14,,,,GNPTG,DTL,MYC,UBN1,TCEAL7,DIABLO,SFRP1,
186,NEUROG2,HHIP,IFITM3,ANTXR1,UHMK1,PLRG1,,,,GOLGB1,DTYMK,LRIG1,APOBEC3F,ANXA3,DDIT3,CAPN3,
187,MSC,HIF1A,ZFP36L1,WWTR1,ZNF367,QKI,,,,GPC1,DUT,TP63,OIP5,CTNNBIP1,CTLA4,ANXA5,
188,HES7,SNHG18,EGR1,IGFBP5,DMAP1,SRPK3,,,,GPER1,E2F2,SUSD6,SLFN11,COPS5,ADIPOQ,CRYAB,
189,BHLHA15,GSTM5,MT1X,EHD2,KLHL9,KHDRBS3,,,,GPNMB,E2F8,WNK1,APOBEC2,PIAS2,DAPK2,MYC,
190,BHLHE22,RIPK3,A2M,FERMT2,PAF1,SRSF6,,,,GPR137B,EBNA1BP2,KMT5B,CDAN1,NLRC5,JUN,TP53,
191,FIGLA,NFATC1,NFKBIZ,COL6A1,CDCA5,WDR83,,,,GPR155,EBP,FMN2,SUPT16H,OTULIN,SIRT1,TFAP2B,
192,OLIG1,P4HA1,CEBPB,SNAI2,ZPR1,RSRP1,,,,GRINA,ECHDC3,BAX,PCGF2,ZBTB7A,CASP10,SIX1,
193,HES5,CTSK,ADAMTS1,CHST3,OPN1MW3,CENATAC,,,,GRN,ECT2,RFC2,HDAC3,SPHK1,SOX4,NAA38,
194,SREBF2,FAM180A,FAU,FBN1,TAF2,SAP18,,,,HAGH,EEF1E1,XPA,BICRA,SUMO1,EIF5AL1,SUPV3L1,
195,OLIG2,OAF,RPL14,ISLR,NCAPH2,NOVA1,,,,HDAC9,EFS,POLE2,CHD1L,TRIM32,IAPP,DSTYK,
196,MGA,SERPINB10,NACA,SYDE1,CALM3,RBMX,,,,HEG1,EGR1,CASP2,EPC1,PRDX3,TNFSF10,FMN2,
197,DBP,P4HTM,ACTG1,CALD1,PTPRC,PPIL1,,,,HERC6,EIF3CL,KDM1A,H2BC3,NLRP2B,CALHM2,PPARGC1A,
198,CREB3,ABI3,RPL36,MMP2,TPD52L1,NSRP1,,,,HEXB,EIF4A3,CD74,SSRP1,PYDC2,TP53BP2,CCL2,
199,HLF,CD300E,RPL39,CAV1,FGFR2,GEMIN2,,,,HHAT,EIF4EBP1,GRB2,MOCOS,NPM1,TNFAIP8,ERCC5,
200,NFE2,DPEP1,RPS15A,LAMB2,ZNF268,ZCCHC8,,,,HIST1H1C,ELOVL2,ENDOV,HEMK2,RORA,PPP2R1B,PIM3,
201,BATF3,FBLN7,ADIRF,LAMB1,MRE11,HNRNPF,,,,HIST1H2AC,EMILIN1,SDE2,PKN1,TNF,TAF6,MT3,
202,ATF4,TNXB,MYL6,GNG12,NHERF1,PRPF19,,,,HIST1H2BC,EMILIN2,DONSON,SATB2,ITCH,TRIM39,CASP2,
203,NRL,FBLN2,SPARCL1,PARVA,GPNMB,DHX40,,,,HIST1H2BD,EML4,APBB1,EZH1,NWD1,NACC2,KDM1A,
204,JDP2,WIF1,TMSB10,COL3A1,C6ORF89,SRSF2,,,,HIST1H2BE,EMP2,DDB1,CHAF1A,UBE2V1,TREM2,NR4A2,
205,CEBPG,HAS1,S100A10,PTPN21,L3MBTL1,RBM39,,,,HIST1H2BK,ENO1,SLFN11,H4C7,DDRGK1,PML,RICTOR,
206,CREB3L1,IGFBP6,MGP,TIMP3,CTDP1,HNRNPA2B1,,,,HIST1H4H,ENPP2,RAD51AP1,ZNF618,TFDP3,BIN1,FAIM,
207,TEF,IGFBP3,IGFBP6,TEAD1,PLSCR1,PRPF6,,,,HIST2H2BE,ENY2,CSNK2A2,DPF3,BCL10,XBP1,CD74,
208,CEBPB,SSC5D,CST3,TEAD3,MAP3K20,RBM11,,,,HLA-B,EPB41L2,KMT5C,HMGN3,HEYL,PANO1,BNIP3L,
209,MAFF,NFKB1,ANXA1,RHBDF1,FOXO4,HNRNPA1L2,,,,HSPB8,ERCC6L,HDAC3,H2BC14,SETD6,TNFSF11,CARD14,
210,MAFG,CKAP4,PTGDS,TBX3,CCNE1,DDX42,,,,HTRA1,ERH,CDPF1,TASOR,PRMT2,KCNMA1,KHDC3L,
211,MAFK,NR4A1,CLU,COL4A1,FIGNL1,RBMY1E,,,,ICAM1,ERI1,BAK1,LRIF1,CYLD,BMP4,CSNK2A2,
212,CEBPD,ARAP1,ITM2B,COL4A2,SMC5,SNRPD2,,,,IDS,ESCO2,E2F1,UBE2A,IL18,BACE1,GLYAT,
213,ATF7,MFAP5,TXNIP,SRPX,FEN1,SRSF8,,,,IFI27,ESPL1,POLK,SPTY2D1,CRNN,BMF,TNIP2,
214,YY1,COL7A1,CD9,FKBP10,DCUN1D3,SNRNP27,,,,IFI6,ETS1,TPT1,TOP2A,ARHGEF5,ITGA4,RETREG1,
215,CTCF,CD248,APOE,FSTL1,HLA-G,CWC25,,,,IFIH1,ETV4,CHD1L,POLE3,TNFRSF11A,ARHGEF7,PPT1,
216,SP4,NFAT5,CALM2,RND3,TM4SF5,LSM5,,,,IFIT1,EWSR1,ZRANB3,TOP1,TANK,F2R,HDAC3,
217,GLIS3,LRRK1,MYL12B,COL1A2,ZWILCH,DHX15,,,,IFIT2,EXO1,PPP1R15A,WAPL,TRAF3,TFPT,TAX1BP1,
218,PRDM4,CXCL3,RGCC,MXRA5,CEP85,LARP7,,,,IFIT3,EXOSC8,PARP4,DPEP3,ESR1,CXCR3,FASN,
219,EGR1,ADAMTS10,S100B,MRGPRF,POLR1B,PNN,,,,IFITM3,EXOSC9,PKN1,SMARCAD1,TNFRSF4,HNRNPC,PRDX5,
220,GLIS2,MDK,CD81,SRPX2,FBXO43,SNRPA,,,,IGF2R,EZH2,BCL2L11,ZNF335,IRAK1,PTGIS,BAK1,
221,KLF16,NGF,CCL18,TNS2,GEN1,SF3B6,,,,IGFBP3,FABP5,TP53BP1,ESR1,EP300,BCL2L2,MAGEA4,
222,EGR4,KLF2,MT1G,MEDAG,PRP4K,PPIL3,,,,IGFBP5,FAIM,SHLD2,EP300,TRIM14,MAPK8,KRIT1,
223,ZNF740,KLF9,GPM6B,ADAM12,TIPIN,SF3B1,,,,IGFBP7,FAM111A,TAF9,UBR5,TRIM37,CASP14,SOCS3,
224,ZIC3,ERCC1,PLP1,BGN,MTBP,NCBP1,,,,IGIP,FAM111B,RBBP8,RRP8,MEN1,FRZB,TGFBR1,
225,ZBTB7B,GREM1,RPS28,ANGPTL2,CDC6,THUMPD2,,,,INA,FAM129A,MUC1,APOBEC1,SFRP4,FAM162A,PIK3CA,
226,SP8,KLF6,RPS21,OLFML3,SASS6,DNAJC17,,,,INPP5D,FAM213A,SPDYA,MLLT3,ERBIN,FOXA1,TPT1,
227,HIC2,COL8A1,RPL6,ZBTB16,CDC26,RBMY1C,,,,IPO13,FAM46B,GTF2H4,H2BC17,PLA2G10,CASP9,TMEM14A,
228,KLF13,PTX3,RPL23A,POSTN,MKI67,PRPF40B,,,,ISCU,FAM46C,PCLAF,TET1,RIPK3,BID,ASAH2,
229,HINFP,CEBPB,IGFBP7,HTRA1,RHNO1,DCPS,,,,ISG15,FAM72D,HELB,GLYR1,AIM2,RNPS1,TOX3,
230,SP3,PKD2,GADD45B,C1QTNF5,CCNG2,DDX5,,,,ITFG1,FAM83D,FBXW7,PHF1,BRMS1L,AKR1C3,PRKN,
231,GLIS1,CTHRC1,S100A4,C1QTNF1,CSPP1,SRPK1,,,,ITGA2,FANCA,SPRTN,TAL1,NODAL,STK17B,RNF144B,
232,ZIC4,RPS8,RPL27A,NNMT,HTRA2,HNRNPA1L3,,,,ITGAV,FANCD2,IER3,PWWP3A,TRIM27,SCIN,SEMA3E,
233,EGR3,RPL21,MYH11,FAM114A1,CDKN2B,RBPMS2,,,,ITGB5,FANCE,EPHA2,SETDB1,XCL1,MNDA,DSG2,
234,ZBTB18,RPS9,DSTN,FGFR4,CHFR,RBM24,,,,ITM2B,FANCG,LRIF1,USP15,BCL3,MTCH2,THBS1,
235,ZNF784,RPS6,MT1M,TPM2,MAP9,UBL5,,,,ITPRIPL2,FANCI,RTEL1,HELLS,TAF3,C3ORF38,IL2RB,
236,ZBTB7C,EEF1A1,RGS5,IGF2,CDK5,TRA2B,,,,JMY,FANCM,UBE2A,SMARCD1,RNF220,CDKN2A,PTMA,
237,SP1,FAU,MT1E,CACNA2D1,PSRC1,SF3A2,,,,KCNJ2,FBL,FBH1,SMARCB1,ZC3H12A,UBB,TAF9,
238,MTF1,S100A6,FABP4,PKDCC,LONP1,RBMXL1,,,,KCNMB4,FBXO5,EP400,RAD54L2,ERC1,SRPK2,ARF4,
239,ZKSCAN3,RPL28,STEAP4,PDZRN3,RACK1,SNRPB,,,,KCNN2,FEN1,PRKDC,SETD2,RB1,RASSF2,DDAH2,
240,SCRT2,RPL29,,TMEM47,PHF10,SF1,,,,KCTD16,FH,HIPK1,TRRAP,TFDP1,BCL2L10,MUC1,
241,YY2,RPL11,,PAX7,DRD3,SNIP1,,,,KCTD4,FIGNL1,ALKBH8,LIN54,RBCK1,IGFBP3,PIK3R1,
242,SCRT1,RPL12,,BRAF,DR1,CWF19L1,,,,KIAA0930,FKBP11,TOP2A,MCM3AP,MAP3K10,TNFSF12,SOD1,
243,KLF14,RPL15,,CAPN1,RPL23,PRPF4,,,,KIAA1191,FKBP5,CGAS,JMJD6,MTPN,NEUROD1,SMAD5,
244,CENPB,RPL14,,TNFRSF12A,CAV2,CDC5L,,,,KIF3C,FOPNL,USP47,H2AC12,NHLH2,FANK1,INS,
245,ONECUT2,RPS5,,ACHE,RPTOR,SNU13,,,,KLHL24,FOXM1,POLE3,IWS1,TRIM52,SLIT2,SOX8,
246,ONECUT1,RPS2,,FN1,TGFA,LSM4,,,,KRTAP1-5,FST,TOPORS,MYOCD,ARRB2,ING5,CNTFR,
247,ONECUT3,RPS3,,NES,ING3,FRA10AC1,,,,L1CAM,FUBP1,SLX1A,HNRNPK,CARD16,DUSP6,IER3,
248,E2F1,B2M,,BCAR1,STK35,PCBP4,,,,LACC1,FUS,TANK,TET2,CFLAR,ARL6IP5,TNF,
249,E2F3,RPL19,,CXCL1,CDK10,PUF60,,,,LAMB2,FUT4,PRKCD,ZNF274,SMARCB1,CSRNP3,DDRGK1,
250,E2F8,RPL18,,COL16A1,MASTL,DDX23,,,,LAMC1,G2E3,BOD1L1,SIN3A,ADCY8,SAP18,CIDEA,
251,E2F7,RPL41,,FBXL7,TADA3,SART1,,,,LIMCH1,GAR1,EP300,INO80D,PTCH1,WWOX,PRKDC,
252,E2F4,EIF1,,ADAMTS12,PPP1R10,SRSF4,,,,LINGO2,GART,UBR5,SMARCE1,NR0B1,MAP3K5,BFAR,
253,EBF1,RPS27,,CCL2,PPME1,JMJD6,,,,LIPA,GAS2L3,RFC5,NUDT5,TRAF5,CYLD,PRKCD,
254,ETV1,RPS28,,HSPG2,TSC22D2,TFIP11,,,,LMBRD2,GEM,FBXO45,FBXL19,PRKCZ,NF1,TENT5B,
255,SPI1,NACA,,MYF6,NF2,RNPC3,,,,LMCD1,GEMIN6,RAD51,DEK,CD200,CASP12,BIRC7,
256,ELF4,ND2,,AFAP1L1,TSC2,CASC3,,,,LMOD1,GEN1,PHF1,NAA60,ARID5B,MSX1,ANXA1,
257,ETV2,ND1,,ARL4D,ID2,HNRNPK,,,,LOX,GFPT2,MUTYH,KMT2A,TRIM15,TGFB3,PRKAA1,
258,ERF,FTL,,LMCD1,DYNC1H1,PSIP1,,,,LOXL2,GGCT,BRIP1,BCL7B,BTK,GRAMD4,SELENOS,
259,ELK3,ND4,,PALLD,CENPE,SNRPG,,,,LPCAT2,GGH,PWWP3A,TRIP12,EDN1,BRMS1L,GSTP1,
260,ETV3,RPS23,,GPC1,TACC3,RBMXL3,,,,LRP1,GINS1,WNK2,BCL7C,MYOCD,ADAMTSL4,NANOS3,
261,ELF1,ND3,,NGF,DBF4,CELF4,,,,LRP10,GINS2,CHEK2,H2AC4,HAVCR2,PIP5KL1,CDKN2D,
262,SPDEF,RPS24,,PHLDB1,PRMT5,CELF2,,,,LRP12,GINS3,CDKN2D,RUVBL1,ADORA3,ZC3H12A,HSP90B1,
263,ELK1,RPL5,,SIX1,MAP3K11,GEMIN8,,,,LRPAP1,GINS4,USP32,VCP,PYCARD,LILRB1,PRKCA,
264,ELF5,RPL3,,TSPAN9,DAB2IP,PRP4K,,,,LRRC6,GLUL,NCOA6,DHX9,NR0B2,GLMN,GATA4,
265,ETV6,RPL30,,LIF,PLCG2,WTAP,,,,LRRN3,GMNN,VRK3,HDAC10,RAB7B,TNFSF14,MPV17L,
266,FLI1,RPL32,,PAX3,SMARCA4,METTL16,,,,LUM,GMPS,FBXO31,KDM6A,HSF1,SEPTIN4,MAPKAP1,
267,GABPA,ATP6,,SYNC,INO80B,CRNKL1,,,,MAMDC2,GNG2,TRRAP,SYCP3,TRIM31,PHLDA1,CCND2,
268,ELK4,RPL34,,ANGPT2,APBB2,PRPF39,,,,MAN1B1,GNL3,VAV3,BRD4,RPS6KA4,G0S2,SYVN1,
269,ELF3,RPL9,,MUSK,AKT1,DHX35,,,,MAN2B2,GPSM2,PAXX,KDM2B,CARD11,ITGB1,SLC25A5,
270,FEV,RPL8,,MYD88,BRSK2,DHX16,,,,MANBA,GSDMD,DTL,SIRT1,MALT1,DKKL1,MAPK8IP3,
271,SPIC,RPS16,,CDH15,SGF29,CWC22,,,,MANSC1,GTPBP6,WNK3,RBBP5,S100A9,HTRA1,SLC25A6,
272,ETV4,RPS15,,MYF5,IFNW1,LSM7,,,,MAP1LC3B,GTSE1,SNAI2,LEMD2,RNF31,SFRP2,MERTK,
273,ETV5,RPS18,,MYOG,RAD23A,RBFOX1,,,,MAP3K7CL,GUCY1B1,INO80D,PWWP2A,RGCC,SNCA,WNK3,
274,FOXP3,RPS19,,MYOD1,ARID1B,RBMY1F,,,,MAPRE3,GUSB,WDHD1,SMARCA2,TRIM62,MCL1,TNFRSF6B,
275,FOXJ2,FTH1,,STK40,CEP295,YTHDC1,,,,Mar-02,H1F0,NEDD4,MTF2,DDR2,GSK3B,HNRNPK,
276,FOXO3,RPL37,,NOTCH3,SFRP1,WDR77,,,,Mar-04,H1FX,HUS1B,SUPT6H,PBX1,BCAP31,SNAI2,
277,FOXO1,COX3,,MYH14,TXLNG,SART3,,,,MASP1,H2AFV,MLST8,H2AC14,FZD1,STYXL1,POU4F1,
278,FOXI1,RPL36,,GATA5,HBP1,C1QBP,,,,MAST3,H2AFX,TRIP12,ZZZ3,IL18R1,EEF1E1,FOXE3,
279,FOXB1,COX2,,NID1,ENTR1,RBM7,,,,MCFD2,H2AFZ,DDIT3,SNAI1,CRTC1,S100A9,AZU1,
280,FOXL1,COX1,,NID2,BRCA2,DDX17,,,,MCOLN1,HACD4,CTLA4,BRDT,MTURN,DDX3X,MLST8,
281,FOXC2,RPS11,,MRC1,RPS6KA2,,,,,MDM2,HAS2,RUVBL1,PRMT8,DDIT3,TGFB1,EGR3,
282,FOXO4,RPS14,,SULF1,DUSP12,,,,,MEST,HASPIN,MAPK3,BRD3,COMMD1,DDX20,IL1B,
283,FOXD2,RPS13,,SGCD,TP53,,,,,MFGE8,HAT1,MDC1,SMARCD2,TBX6,IFNB1,DNAJC3,
284,FOXD3,RPL13A,,IL4R,UBXN2B,,,,,MFSD1,HAUS1,VCP,HDAC1,,AGXT,RPS6KA1,
285,FOXO6,RPS3A,,ITGA3,MYC,,,,,MFSD11,HAUS4,CUL4B,DSCAM,,WT1,FOXB1,
286,GATA3,RPL37A,,IL4,TP63,,,,,MGARP,HAUS6,BRD4,COMMD3-BMI1,,BOK,TFRC,
287,GATA5,CYTB,,DOCK1,CDC25A,,,,,MLLT11,HAUS7,POLI,BAZ1A,,PHB1,TBX3,
288,GATA4,RPS15A,,CHODL,PDGFRB,,,,,MMP12,HAUS8,SIRT1,PRMT9,,CCL3,CERKL,
289,GCM2,RPS27A,,PLD1,FGF10,,,,,MMP3,HELLS,RBBP5,RBM14-RBM4,,BCL6,RELA,
290,GRHL1,H3-3B,,PTK2,CSNK2A3,,,,,MPC2,HEPH,CHRNA4,MBD3L3,,EMILIN1,KDM2B,
291,TFCP2,RPL35A,,CMKLR1,APPL2,,,,,MRAS,HIST1H1A,CRY1,HDGFL2,,SLC6A4,SIRT1,
292,MEOX1,TPT1,,ARHGAP26,SIRT2,,,,,MRVI1,HIST1H1B,SOX4,CENPI,,DEDD2,AREG,
293,DLX6,RPLP2,,MMP9,CCL2,,,,,MX1,HIST1H2AJ,TP73,FAM47E-STBD1,,UNC13B,BMP5,
294,ALX4,RPLP1,,SIX4,USP19,,,,,MXD4,HIST1H3I,RFWD3,EHMT1,,FOXO3,YBX3,
295,GSC2,RPL10A,,ACTN3,DPF1,,,,,MXI1,HIST1H3J,SNAI1,KAT5,,NLRC4,BIRC3,
296,PITX1,RPS4X,,CAPZA3,PIM3,,,,,MXRA7,HIST1H4C,PDS5B,PML,,INHBA,CIAPIN1,
297,HOXA9,TMSB4X,,DLL1,CRLF3,,,,,MYLK,HJURP,MAP2K6,SUV39H1,,LTB,DFFA,
298,RHOXF1,RPL18A,,TNNC2,HSP90AB1,,,,,MYOZ2,HMGA1,RBM38,CHRAC1,,PIDD1,ANXA4,
299,MEIS3,RACK1,,IQSEC1,CKS1B,,,,,NABP1,HMGA2,KIN,PBRM1,,NCK2,FLT4,
300,DLX5,RPL7A,,PLPP7,CKS2,,,,,NAP1L3,HMGB1,ATAD3A,SLF2,,OMA1,KRT18,
301,HOXA1,ZFP36,,MYLPF,MYO19,,,,,NAP1L5,HMGB2,FBXO5,CECR2,,APAF1,ANGPT1,
302,HOXA13,JUND,,TNNT1,TP53INP1,,,,,NBEAL1,HMGB3,SPRED2,METTL23,,UBD,IL10,
303,EVX1,C11ORF96,,TNNT3,USP29,,,,,NCKAP5,HMGN2,TRIM39,CHD7,,BCLAF1,SNAI1,
304,MEOX2,MT2A,,PRKCQ,ANAPC5,,,,,NCSTN,HMMR,HINFP,UBN2,,BTG1,SEMA5A,
305,PITX3,TMSB10,,VGLL2,RNASEH2A,,,,,NDRG1,HNRNPA1,LDLR,BICRAL,,ATM,TNFAIP8,
306,DLX4,JUN,,DOCK5,CENPF,,,,,NEXN,HNRNPA2B1,SNW1,RBBP4,,GADD45A,PAX7,
307,CDX1,NFKBIA,,PXN,APBB1,,,,,NIPAL3,HNRNPA3,HDGFL2,SOX1,,GRN,HDAC1,
308,OTX1,SOCS3,,TRIO,DDB1,,,,,NPC2,HNRNPAB,MICA,DPF2,,PRR7,KIF14,
309,DLX2,FOS,,WASHC1,EIF4G1,,,,,NPDC1,HNRNPC,CLOCK,MIER1,,HSPA9,ATAD3A,
310,PRRX1,S100A10,,UNC45B,ECT2,,,,,NRBP2,HNRNPD,KAT5,TFPT,,CCAR2,KDR,
311,TGIF2,TIMP1,,EDN1,SLFN11,,,,,NTN4,HNRNPDL,NACC2,MPHOSPH8,,TRAF7,PLAUR,
312,HOXB5,CD63,,NEB,SPAG5,,,,,NUAK1,HNRNPF,NEK4,H3C13,,CLIP3,PRKCH,
313,HOXB3,CEBPD,,MYH1,TMEM8B,,,,,NXPE3,HNRNPH1,MAPK12,MED25,,BCL2,PLK2,
314,HOXC13,SFRP2,,MYH2,ZNF703,,,,,OGFRL1,HNRNPH3,PML,TLK2,,DNAJA3,CD27,
315,HOXC11,FBLN1,,MYH4,CSNK2A2,,,,,OPN3,HNRNPM,SUV39H1,MBD3L5,,PPID,PF4,
316,HOXC12,LGALS1,,MSTN,USP2,,,,,OPTN,HNRNPR,DYRK1A,HNRNPC,,IL6,DLL1,
317,HOXD11,APOD,,MYH8,CDK17,,,,,ORMDL3,HNRNPU,SLF2,PIAS4,,PAWR,ALOX12,
318,MNX1,IER3,,LRRC30,CCNA2,,,,,OSTM1,HOXA5,CCDC13,NIPBL,,PRPF38B,PROK2,
319,BARX1,PLA2G2A,,ANKRD2,SMOC2,,,,,OTUD1,HPRT1,UFL1,FOXA1,,PCSK9,MPO,
320,GSC,SOD2,,MYOC,AHCTF1,,,,,P2RX5,HS3ST3A1,CUL4A,SMARCA5,,RNF122,CSF2,
321,RAX,CST3,,MEF2B,CDT1,,,,,P3H2,HSPA2,UVRAG,APLF,,SQSTM1,FBXO7,
322,HNF1A,RPS29,,MEF2A,CDPF1,,,,,P4HA2,HSPB11,DGCR8,RBM15B,,GSDME,NUAK2,
323,LMX1B,RPS21,,MEF2D,E2F1,,,,,PAM,HTRA3,MBD4,KDM4A,,BARD1,SERPINE1,
324,PDX1,RPL6,,PTGIR,MAGEA4,,,,,PAMR1,HYLS1,FBXO6,TLK1,,MLLT11,RNF157,
325,BARHL2,RPL39,,TMOD4,OR2A4,,,,,PAPSS2,ID4,PRAP1,NOC2L,,RIPK1,TREM2,
326,MEIS1,PTMA,,NPHS1,CPAP,,,,,PCDH10,IER2,TFPT,NFAT5,,C4B,XBP1,
327,DLX1,BTG2,,NBR1,LRP5,,,,,PCDHB16,IL11,MGMT,HDAC7,,RPS7,APOH,
328,HMBOX1,RPS20,,CLOCK,BMP2,,,,,PCDHB2,ILF2,GTF2H3,RNF168,,PKN2,LRRK2,
329,VAX1,HSP90AA1,,POPDC2,TGFBR1,,,,,PCDHB8,ILF3,CDKN2AIP,NUCKS1,,STK24,SLC25A31,
330,TGIF2LX,DNAJB1,,WIPF1,SPATA22,,,,,PCNX1,IMPA2,NEK11,MORC2,,SPHK2,BMP4,
331,ALX3,HSP90AB1,,LDB1,RIOK2,,,,,PCYOX1,IMPDH2,FANCF,H2AC7,,BECN1,NR1H4,
332,ISL2,PNRC1,,THBS4,PKP3,,,,,PDCD1LG2,INSIG1,TERF2IP,ARID2,,GSK3A,STIL,
333,PKNOX1,RPL26,,TNNI2,ASAH2,,,,,PDK2,IQCC,TLK2,HNRNPU,,RARG,WNT16,
334,LMX1A,CCL2,,CACNG1,INTS13,,,,,PEA15,IRAK3,NIPBL,SRPK2,,ERCC3,AGAP2,
335,EN1,DDX5,,RPS8,FOXC1,,,,,PERP,JPT2,SPRED1,CHD1,,MELK,KLF4,
336,MSX1,GPX3,,RPL21,USH1C,,,,,PGAP3,KDM1A,BCL2L2,EHMT2,,PDCD2,PIK3R3,
337,EN2,APOE,,RPS9,EPC1,,,,,PGM2L1,KHDRBS1,MAD2L2,UCHL5,,RNF183,MBD4,
338,UNCX,PLIN2,,RPS6,NEK10,,,,,PGRMC2,KHSRP,FZR1,MIS18A,,GADD45B,MYO18A,
339,GBX1,IER2,,EEF1A1,RUNX3,,,,,PHTF2,KIF11,TTI1,NSMCE4A,,STK4,ASCL1,
340,PHOX2A,DNAJA1,,FAU,PPP1R15A,,,,,PIGZ,KIF14,SMARCA5,DTX3L,,PNMA3,SLC35F6,
341,PKNOX2,ATF3,,S100A6,MEAF6,,,,,PIK3IP1,KIF15,APLF,SMCHD1,,FASLG,PRAP1,
342,CDX2,PDK4,,RPL28,TBRG1,,,,,PIK3R3,KIF18A,SPINDOC,ZMYND8,,TNFRSF12A,IL13,
343,OTX2,RPS7,,RPL29,ESPL1,,,,,PINK1,KIF18B,NFAT5,MBD3L2,,DLC1,F2R,
344,DRGX,ACTG1,,RPL11,FBXL15,,,,,PIP4K2C,KIF20A,RNF168,ING5,,SFRP4,CREB1,
345,PRRX2,ADIRF,,RPL12,TRIM71,,,,,PLA2G15,KIF20B,CASP9,ZBTB7A,,ING4,ARHGEF2,
346,GBX2,MYL6,,RPL15,RANBP1,,,,,PLA2G4C,KIF22,XRCC5,HAT1,,ACIN1,ACVR1,
347,SHOX2,IFI27,,RPL14,SCRIB,,,,,PLAT,KIF23,TMEM109,CHD8,,CASP3,LAMTOR5,
348,GSX1,SPARCL1,,RPS5,APPL1,,,,,PLCB4,KIF2C,MAPT,PPM1D,,TNFSF15,MGMT,
349,HOXD12,HLA-A,,RPS2,FSD1,,,,,PLEKHA1,KIF4A,BID,NAP1L3,,DNAJA1,SHH,
350,EMX2,HLA-B,,RPS3,KIF23,,,,,PLOD1,KIFC1,MNDA,LMNB1,,CTNNB1,CEACAM5,
351,IRX2,HLA-E,,RPL19,INSM1,,,,,PLOD2,KITLG,MORC2,ATAD2,,CIDEB,HYOU1,
352,HOXB2,CLDN5,,RPL18,RBBP8,,,,,PLPP4,KNL1,CIB1,NRDE2,,CD40,CXCR3,
353,RAX2,S100A9,,RPL41,SPDYA,,,,,PLSCR4,KNSTRN,MDM4,INO80,,DAPK3,NAA15,
354,EVX2,IFITM3,,EIF1,PCLAF,,,,,PLXDC2,KNTC1,CDKN2A,USP25,,ZNF622,TJP1,
355,HOXD8,MT1X,,RPS27,CALR,,,,,PLXNA3,KPNA2,COPS3,OGG1,,HTRA4,ARHGDIA,
356,IRX5,A2M,,RPS29,INS,,,,,PNRC1,LBR,BAG6,SMARCD3,,BCL2A1,FKBP8,
357,TGIF1,HLA-C,,RPS28,LIN9,,,,,PODXL,LDB2,UCHL5,EID3,,PYCARD,BNIP2,
358,LBX2,CLU,,NACA,ACTL6A,,,,,POMGNT1,LMNB1,BCL2L10,MEN1,,FAF1,PHIP,
359,ALX1,ITM2B,,ND2,DPF3,,,,,PPP1R3C,LMNB2,YJU2,KAT2B,,GPER1,BCL2L2,
360,GSX2,TXNIP,,RPS21,PRDM11,,,,,PRAF2,LONRF1,ERCC6L,BCOR,,RYBP,MAPK8,
361,HOXC10,CCN5,,ND1,FBXW7,,,,,PREPL,LRRC8C,NSMCE4A,PHF8,,PDCD4,SPRY2,
362,MIXL1,CAV1,,ND4,TMSB4X,,,,,PRICKLE2,LSAMP,DTX3L,TAF6L,,RGCC,PYCR1,
363,HMX3,CAVIN2,,RPS23,EIF4EBP1,,,,,PRNP,LSM2,CXCL12,CHTOP,,TRADD,NOC2L,
364,HMX2,EPAS1,,ND3,ATP2B4,,,,,PRPS1,LSM3,RMI2,KMT2E,,BNIP3,SHC1,
365,BSX,RGCC,,ND5,DDRGK1,,,,,PRRG1,LSM5,MAPKAPK2,RSF1,,,FYN,
366,DMBX1,FCN3,,RPS24,UBE2A,,,,,PRSS23,LSM6,MSH3,RB1,,,TXNDC5,
367,DPRX,ID1,,RPL5,CDC34,,,,,PSG1,LXN,XRCC3,SRPK1,,,MDK,
368,NOTO,PECAM1,,RPL6,EP400,,,,,PSG2,LY6K,SUMO1,PADI2,,,MTDH,
369,HOMEZ,IL1RL1,,RPL3,IGF2,,,,,PSG4,LYAR,EME1,PHF2,,,CIB1,
370,HMX1,DEPP1,,RPL30,CDC23,,,,,PSG5,MAD2L1,VRK2,GLMN,,,ANGPTL4,
371,HNF1B,RPL27A,,RPL32,PTPN3,,,,,PSG6,MAD2L2,TRIM32,SCMH1,,,NTRK2,
372,PAX2,RPL35,,ATP6,AKAP8L,,,,,PSG7,MALL,ZNF830,APEX1,,,PRDM9,
373,POU1F1,RPLP0,,RPL34,CRNN,,,,,PSG9,MARCKSL1,TDP1,BRCC3,,,BAG4,
374,POU2F3,IGFBP5,,ACTG1,CCNH,,,,,PSTPIP2,MASTL,ALKBH7,NSMCE3,,,PDPK1,
375,POU4F2,ADH1B,,RPL9,WAPL,,,,,PTPRK,MAT2A,NRDE2,ACTR5,,,SERPINB9,
376,POU4F1,S100A11,,RPL8,MAD1L1,,,,,PTPRM,MATN2,INO80,RESF1,,,IGF1R,
377,POU3F2,RPL23A,,RPS16,HOXC9,,,,,RAB11FIP5,MBOAT1,OGG1,PIWIL4,,,BCL2L10,
378,POU3F1,GAPDH,,RPS15,TENT5B,,,,,RAB40B,MCM10,RAD18,POTEF,,,MIEN1,
379,POU3F3,UBA52,,RPS18,CALM1,,,,,RAB6B,MCM2,ERCC1,LMNA,,,EYA4,
380,HSF4,CD59,,RPS19,BIRC7,,,,,RAI14,MCM3,EID3,KAT8,,,COMP,
381,HSFY2,TUBA1B,,FTH1,RRP8,,,,,RARRES3,MCM4,PRPF19,TDG,,,CXCL12,
382,HSF1,ANXA5,,RPL37,PPP2R2A,,,,,RBM24,MCM5,TOPBP1,H2BC1,,,PTMS,
383,IRF3,CTSL,,COX3,RAD51,,,,,REEP5,MCM6,ATRIP,ACTL6B,,,PRDX2,
384,IRF5,SERPINE1,,RPL36,TGFB2,,,,,RETSAT,MCM7,DELE1,CDK9,,,SNX6,
385,IRF4,TNFAIP6,,COX2,TGM1,,,,,RHBDD2,MCM8,MSX1,MCM8,,,FANK1,
386,IRF8,HSPA1A,,RPL39,RNF40,,,,,RHOU,MCMBP,CDIP1,SMARCA1,,,HTATIP2,
387,IRF7,HSPB1,,COX1,CCNB3,,,,,RIMS1,MCUB,MEN1,GATAD1,,,NOTCH2,
388,IRF9,SERF2,,RPS11,NANOS2,,,,,RIN2,MDK,CIP2A,MTA3,,,SYNGAP1,
389,MEF2A,TUBA1A,,RPS14,TAL1,,,,,RIOK3,MED30,RFC3,BRCA1,,,TRIM32,
390,SRF,SFRP4,,RPS13,CCNP,,,,,RND3,MELK,FAM111A,H2BC9,,,ZNF830,
391,MEF2D,MMP11,,RPL13A,THAP5,,,,,RNF103,MEX3B,ZC3H12A,HJURP,,,SOCS2,
392,MEF2B,ND5,,RPS3A,NANOS3,,,,,RNF11,MGMT,TTI2,SART3,,,MAEA,
393,MYBL2,HSPA1B,,PTMA,CHEK2,,,,,RRAS,MIOS,POLA1,HDAC9,,,CITED1,
394,MYBL1,HSPH1,,RPL37A,PSME2,,,,,RRM2B,MIS12,APEX1,CABIN1,,,TMIGD1,
395,RARB,THBS1,,CYTB,CEP250,,,,,SAMD12,MIS18A,TOP3B,USP51,,,RPS6KB1,
396,ESR1,LMNA,,RPS15A,KLHL18,,,,,SAMD9,MIS18BP1,BRCC3,NSMCE2,,,WFS1,
397,HNF4A,UBB,,RPS27A,TFDP1,,,,,SAMD9L,MKI67,NSMCE3,CTCFL,,,ATF5,
398,VDR,ANXA1,,RPL35A,CDKN2D,,,,,SARAF,MLPH,CSNK1E,CENPV,,,ITGA5,
399,NR3C1,HSPA8,,RPL23A,RHOA,,,,,SAT1,MND1,SERPINA2,DNAJC9,,,FCMR,
400,ESRRB,MT1M,,TPT1,HEXIM2,,,,,SCD5,MNS1,CDC5L,PHB1,,,FGB,
401,THRA,PTGDS,,RPLP2,MRGBP,,,,,SCG2,MRE11,ACTR5,YEATS2,,,MED12,
402,RARA,SERPING1,,RPLP1,ZFYVE26,,,,,SCUBE3,MRPL1,TAOK1,KDM4E,,,RNF34,
403,THRB,MT1E,,RPL10A,TTLL12,,,,,SELENOM,MRPL11,FANCD2,HIRIP3,,,MAG,
404,NR4A2,ID3,,RPS4X,PRKCA,,,,,SELENOW,MRPL23,CDK1,H2AC1,,,ZFAND6,
405,AR,RARRES1,,RPL18A,SMARCD1,,,,,SEMA3C,MRPL3,ADPRS,MBD3L2B,,,HSPB1,
406,ESRRA,MT1G,,RACK1,ZNF324,,,,,SEMA6A,MRPL48,SFRP2,KDM1B,,,TMBIM6,
407,NR2F1,EMP1,,RPL7A,EIF4G2,,,,,SERINC1,MRPS15,MCL1,KDM2A,,,TGFB3,
408,NR2C2,MYOC,,VIM,SMARCB1,,,,,SERINC2,MRPS9,DCLRE1B,HMGN4,,,EVI2B,
409,RXRA,TSC22D1,,SPARCL1,SIX3,,,,,SERINC3,MRTO4,MCM8,JARID2,,,RPS3A,
410,ESRRG,PTGS2,,C11ORF96,CCND2,,,,,SERPINB2,MSH2,PLA2R1,HP1BP3,,,ZC3H12A,
411,RXRB,STEAP4,,MT2A,CDKN3,,,,,SERPINI1,MSH6,BRCA1,SETD7,,,RB1,
412,TP63,ALDH3A1,,TMSB10,SETD2,,,,,SESN1,MSL2,RINT1,PRMT6,,,PAX2,
413,PAX1,ENO1,,FOS,LOC100533997,,,,,SGIP1,MT1E,EEF1E1,RAD50,,,ERBB3,
414,PAX5,KERA,,YBX3,AURKAIP1,,,,,SGSH,MTERF3,S100A9,THAP7,,,SOD2,
415,PAX9,CFH,,GADD45B,TRRAP,,,,,SH3PXD2A,MTFR2,RRM2B,PSME4,,,NME5,
416,PROX1,ANGPTL7,,CD63,YWHAE,,,,,SHC4,MTHFD1,TAF1,KDM4D,,,KLHL20,
417,NFKB2,MGST1,,CEBPD,ACVR1B,,,,,SIL1,MTHFD2,MNAT1,SMARCC2,,,IGF1,
418,NFAT5,STATH,,MGP,E2F8,,,,,SIPA1L1,MTIF2,MAPK15,PARP2,,,QARS1,
419,NFKB1,PRB4,,SOD2,KIF13A,,,,,SLC16A3,MYBL2,USP51,GATAD2B,,,HSPB6,
420,RFX4,PRB3,,FOSB,ETS1,,,,,SLC17A5,MYO19,RAD54L,VRK1,,,IFIT3,
421,RFX5,SERPINF1,,HSPA1A,LATS2,,,,,SLC1A1,MZT1,BRSK1,EGR1,,,POU3F3,
422,RUNX2,HTN1,,HSP90AA1,DTL,,,,,SLC20A2,NAALADL1,CDK5RAP3,ZNHIT1,,,EYA2,
423,GMEB2,HTN3,,HSP90AB1,EDN1,,,,,SLC25A20,NARS2,BOK,PIWIL2,,,PRELID1,
424,NFIX,IGFBP2,,IFITM3,ADAM17,,,,,SLC25A4,NASP,SMG1,BPTF,,,DHRS2,
425,NFIB,CD81,,ZFP36L1,MYOCD,,,,,SLC25A45,NCAPD2,BCL6,SOX15,,,NFE2L2,
426,NFIA,PTN,,MT1X,HECA,,,,,SLC31A2,NCAPD3,SETD7,DPY30,,,CDK1,
427,SMAD3,ND4L,,RPL26,ADAMTS1,,,,,SLC35F5,NCAPG,RAD50,HMGN2,,,ITGB1,
428,SOX8,ADAMTS1,,RPL27A,GATD3,,,,,SLC43A2,NCAPG2,FAN1,FKBP6,,,SRC,
429,SOX10,CALD1,,RPL35,POU4F1,,,,,SLC44A2,NCAPH,PSME4,ERCC6,,,SFRP2,
430,SOX21,ZFP36L2,,RPLP0,AURKA,,,,,SLC46A3,NCEH1,AEN,MACROH2A2,,,CREB3L4,
431,SOX15,NAMPT,,RPL38,DUX4,,,,,SLC9A7,NDC1,POLR1A,PHC1,,,PRKAA2,
432,LEF1,C3,,APOC1,FOXE3,,,,,SLFN12,NDC80,USP21,SOX9,,,SNCA,
433,TCF7L1,EDNRB,,RPS7,PRC1,,,,,SMPD1,NEIL3,PIDD1,KDM5B,,,MCL1,
434,SOX14,HNRNPA2B1,,FTL,SMARCE1,,,,,SMURF2,NEK2,BLM,EED,,,GATA6,
435,SOX7,ND6,,H3-3B,FBXL7,,,,,SNPH,NEMP1,CLSPN,LSM11,,,GSK3B,
436,SOX2,IGFBP4,,GAPDH,PRR11,,,,,SORT1,NETO2,NOP53,GRWD1,,,BRCA1,
437,SOX18,PRSS2,,MYL6,INO80D,,,,,SOX4,NEURL1B,SP100,PCGF1,,,RPS6KA3,
438,TBX21,CLPS,,LGALS1,NR4A1,,,,,SP110,NIP7,SMARCAL1,RNF4,,,MALT1,
439,TBX5,REG1A,,HSPB1,BCL7B,,,,,SPARC,NMI,PARP2,PRMT7,,,S100A9,
440,TBX15,DST,,RPS25,NR2F2,,,,,SPATA18,NOL11,BCLAF1,ACTR8,,,HSPB2,
441,TBX2,MCL1,,PFN1,BCL7C,,,,,SQOR,NOP56,RPS27L,TET3,,,DDX3X,
442,TBX4,IL6ST,,MYL9,CDK4,,,,,STAT1,NOP58,RAD17,GMNN,,,TYRO3,
443,TBR1,AHNAK,,TAGLN,RHOB,,,,,STC1,NPM1,RFC4,PAXIP1,,,ASNS,
444,TBX19,DDX17,,FLNA,SUSD2,,,,,STC2,NRAS,ZNHIT1,H2AB1,,,ARL6IP1,
445,TBX20,VMP1,,MYH11,INCENP,,,,,STS,NRM,VRK1,H2BC13,,,WT1,
446,TBX1,SLC20A1,,DSTN,RCC1,,,,,STX12,NSMCE4A,POLG2,ASF1B,,,EPX,
447,TEAD3,MFGE8,,ACTA2,IL1B,,,,,STYK1,NT5C,CEP63,MBD1,,,PINK1,
448,TEAD1,HNRNPU,,MYLK,RUVBL1,,,,,SUGCT,NT5DC2,HMCES,DAXX,,,CLCF1,
449,TEAD4,CRISPLD2,,ACTG2,VPS4B,,,,,SULF1,NUCKS1,ERCC4,PIWIL1,,,IL27RA,
450,NRF1,EGR3,,CNN1,ZW10,,,,,SULF2,NUDCD1,SLX4,SPI1,,,MAPK7,
451,CPEB1,NR2F1,,CSRP1,PRCC,,,,,SVIL,NUDT1,ATM,RUVBL2,,,POU3F4,
452,PGR,FGF7,,TXNIP,DYNC1LI1,,,,,SYNGR1,NUDT15,ALKBH3,BARD1,,,CBL,
453,NR1I3,SON,,RHOB,JUN,,,,,SYNGR2,NUDT21,GADD45A,EZHIP,,,FHL2,
454,NR1I2,NID1,,TPM4,CUL4B,,,,,SYT1,NUF2,IFI16,MACROH2A1,,,CD38,
455,NFE2L1,LIMA1,,,DUSP3,,,,,TAF13,NUP107,STK11,SETD5,,,ISL1,
456,ATF2,NFIB,,,ANAPC11,,,,,TANC1,NUP205,MTOR,EZH2,,,HMGN5,
457,ATF6,RPS25,,,TBX3,,,,,TANGO2,NUP35,CCAR2,H2AC21,,,SLC6A4,
458,CREB1,GADD45B,,,BRD4,,,,,TAP1,NUP37,ERCC6,H1-5,,,ANG,
459,ATF3,PRELP,,,SIRT1,,,,,TAPBP,NUP54,INTS3,SPHK2,,,APIP,
460,FOSL1,CRLF1,,,CETN2,,,,,TBC1D19,NUP62,PSMD10,CHEK1,,,GHRL,
461,JUN,,,,CDK16,,,,,TBC1D9,NUP85,UBA7,MMS22L,,,EYA1,
462,MAFB,,,,PPP2R3B,,,,,TCTN3,NUSAP1,SIRT4,H1-7,,,NTSR1,
463,ATF6B,,,,PABIR1,,,,,TGFB2,NXT1,BCL2,BCL7A,,,PAK4,
464,CEBPA,,,,CCNB1,,,,,TGM2,NXT2,ACTR8,H2AC19,,,NTF4,
465,TFAP2E,,,,CRY1,,,,,TGOLN2,ODC1,RECQL5,GATAD2A,,,ERBB4,
466,HES2,,,,BIRC3,,,,,THBS1,OIP5,PAXIP1,KDM7A,,,PIDD1,
467,SREBF1,,,,MAPRE3,,,,,TIGAR,OLFML2A,GML,MSL2,,,FAIM2,
468,TCFL5,,,,SKA1,,,,,TIMP2,OLFML3,FOXN3,ZNF304,,,PTPRZ1,
469,USF2,,,,SMARCA2,,,,,TIMP3,ORC1,CD44,NASP,,,TMBIM1,
470,HES1,,,,TP73,,,,,TLR3,ORC2,TRIAP1,WBP2,,,RPL15,
471,TCF21,,,,USP44,,,,,TM2D1,ORC6,HROB,LMNB2,,,GATA2,
472,MYOG,,,,RARA,,,,,TM7SF3,PA2G4,TRAIP,USP36,,,SCX,
473,MYOD1,,,,PTK6,,,,,TMBIM1,PABPN1,DCUN1D5,FAM50B,,,NOTCH1,
474,MYCN,,,,SVIL,,,,,TMEM106B,PAFAH1B3,PARK7,CBX1,,,NFKB1,
475,ASCL1,,,,POC5,,,,,TMEM127,PAGR1,BATF,TRIM28,,,BAG5,
476,TCF12,,,,BRINP1,,,,,TMEM131,PAICS,NRBP1,BAHD1,,,GATA3,
477,HES6,,,,CEBPA,,,,,TMEM178B,PAQR4,TAOK3,TNP1,,,ARHGAP10,
478,FERD3L,,,,USP26,,,,,TMEM217,PARP1,ALKBH1,CENPW,,,FGF20,
479,MSGN1,,,,IL10,,,,,TMEM30A,PARPBP,RUVBL2,PRIMPOL,,,GRN,
480,NEUROD1,,,,RFWD3,,,,,TMEM35A,PAXIP1,BARD1,MCM9,,,MTOR,
481,HAND2,,,,NEK9,,,,,TMEM45A,PBK,MACROH2A1,NAP1L4,,,HSPA9,
482,PTF1A,,,,PKD1,,,,,TMEM47,PCK2,RAD51B,H2AP,,,TXNDC12,
483,NPAS2,,,,ZZZ3,,,,,TMEM59,PCLAF,ZNF668,DPEP2,,,IL4,
484,ATOH1,,,,TP53BP2,,,,,TMEM9B,PCNA,UACA,ING4,,,CCAR2,
485,ARNT2,,,,NME6,,,,,TMTC1,PCNT,FANCG,INO80C,,,BNIP1,
486,NHLH2,,,,SMARCD2,,,,,TNFRSF10B,PCOLCE,IRF3,KDM6B,,,ARMCX5-GPRASP2,
487,ATOH7,,,,ATXN10,,,,,TNFRSF10D,PFAS,RAD9A,SIRT6,,,TEK,
488,NEUROG1,,,,MAP2K6,,,,,TNFRSF21,PFKP,CHEK1,CHD4,,,SOX9,
489,ASCL2,,,,RBM38,,,,,TNFSF10,PGBD1,OARD1,DDX56,,,PSMD10,
490,MESP2,,,,KIF14,,,,,TOB1,PHB2,MSL2,H2BC21,,,PRKCG,
491,CREM,,,,MN1,,,,,TP53INP1,PHC1,ERCC3,ARID1A,,,NTF3,
492,BACH2,,,,FBXO5,,,,,TPM1,PHF10,RNF169,PPHLN1,,,VHL,
493,FOSB,,,,TAF6,,,,,TPM2,PHF19,UBE2E2,H2BC11,,,BCL2,
494,JUND,,,,NDC80,,,,,TPRG1L,PHGDH,TRIM28,MTA1,,,DNAJA3,
495,CREB3L4,,,,TRIM39,,,,,TRIM22,PIM1,DDB2,DOT1L,,,NLRP3,
496,CREB5,,,,HINFP,,,,,TRPV2,PIMREG,CBX1,TDRD5,,,IL6,
497,BATF,,,,PLK2,,,,,TSC22D1,PKDCC,MCM9,HDGFL1,,,BIRC2,
498,FOS,,,,ANAPC13,,,,,TSPAN11,PKMYT1,DGKZ,NFRKB,,,CD44,
499,JUNB,,,,ZFP36L2,,,,,TSPAN13,PLAC9,ARMT1,PRMT1,,,TRIAP1,
500,MAF,,,,KAT5,,,,,TUBG2,PLEKHO1,BRAT1,PWWP2B,,,VEGFA,
501,MAFA,,,,BMAL1,,,,,TVP23B,PLK1,DDIAS,H2AC25,,,ZNF16,
502,ZNF263,,,,CDC7,,,,,TXNIP,PLK4,ING4,HMGB2,,,NTRK1,
503,DPF1,,,,MAPK12,,,,,UBE2H,PM20D2,INO80C,MBD3L4,,,API5,
504,ZBTB32,,,,PML,,,,,UBR3,POC1A,WDR76,RYBP,,,PARK7,
505,ZNF76,,,,SUV39H1,,,,,UCHL1,POLA1,TOP3A,YY1,,,RTKN2,
506,KLF6,,,,PLK4,,,,,ULBP2,POLA2,IKBKE,CHD6,,,IFI6,
507,ZNF343,,,,BIN1,,,,,USP53,POLD1,RECQL4,HMGA2,,,LTF,
508,KLF5,,,,PBRM1,,,,,VAMP2,POLD2,STK33,H2AZ2,,,IL31RA,
509,ZNF821,,,,OBSL1,,,,,VKORC1,POLD3,WRN,H2BC4,,,TCIM,
510,ZNF174,,,,YTHDF2,,,,,VPS41,POLE,GTSE1,HDGF,,,ERFE,
511,KLF3,,,,HPGD,,,,,WDR26,POLE2,RBBP6,,,,PDK4,
512,ZNF684,,,,BMP4,,,,,WDR47,POLQ,PYHIN1,,,,GATA1,
513,ZBTB45,,,,SKA3,,,,,WDR63,POLR2D,TIPRL,,,,BARD1,
514,SNAI1,,,,STIL,,,,,WFS1,POSTN,SESN2,,,,NUP62,
515,ZNF384,,,,CUL4A,,,,,WNT5A,PPIH,DDX5,,,,AHI1,
516,KLF2,,,,MEIS2,,,,,YPEL5,PPP1CC,LYN,,,,PDPN,
517,ZSCAN5A,,,,AURKC,,,,,ZBTB20,PPP1R14A,RBM24,,,,RIPK1,
518,KLF4,,,,KLF4,,,,,ZBTB4,PRC1,CIDEB,,,,CAAP1,
519,ZSCAN9,,,,CDC27,,,,,ZFAND5,PRIM1,ERCC8,,,,SIAH2,
520,ZIC5,,,,CDC25B,,,,,ZFYVE1,PRIM2,UBE2T,,,,YWHAZ,
521,ZNF787,,,,KNSTRN,,,,,ZMAT3,PRIMPOL,DOT1L,,,,COPS5,
522,OSR1,,,,UVRAG,,,,,ZNF582,PRKAR2B,NFRKB,,,,GRINA,
523,ZNF660,,,,CDC25C,,,,,ZNF610,PRMT3,CCND1,,,,PKN2,
524,ZNF385D,,,,E4F1,,,,,ZNFX1,PRMT6,MYO6,,,,SIX4,
525,ZSCAN1,,,,DPF2,,,,,,PRPF38A,PRMT1,,,,BIRC6,
526,KLF10,,,,IQGAP1,,,,,,PRPF4,XRCC2,,,,PDCD10,
527,ZNF276,,,,TFPT,,,,,,PRPS2,ZNF385A,,,,ZNF304,
528,ZNF281,,,,ACVR1,,,,,,PRR11,BCL2A1,,,,CNTF,
529,KLF15,,,,NES,,,,,,PRR16,PYCARD,,,,CLN3,
530,ZNF12,,,,PIK3R4,,,,,,PRRX1,RAD9B,,,,HTR2B,
531,ZNF704,,,,ANAPC1,,,,,,PRTFDC1,TAOK2,,,,ITCH,
532,OSR2,,,,CCNE2,,,,,,PSMC3IP,FLYWCH1,,,,TBX1,
533,ZNF23,,,,RPS15A,,,,,,PSME1,MSH6,,,,CITED2,
534,ZNF444,,,,NUSAP1,,,,,,PSMG3,RRAD,,,,MAP4K4,
535,ZNF597,,,,NEK11,,,,,,PSRC1,YY1,,,,IL6ST,
536,ZBTB43,,,,LCMT1,,,,,,PTBP1,NPAS2,,,,HSPG2,
537,ZNF32,,,,MYOG,,,,,,PTER,UPF1,,,,DDIAS,
538,ZNF296,,,,E2F3,,,,,,PTGS1,TTC5,,,,PA2G4,
539,ZBTB26,,,,NCAPD2,,,,,,PTMA,ETAA1,,,,UFM1,
540,KLF17,,,,CDC14A,,,,,,PTTG1,,,,,PLA2G3,
541,OVOL1,,,,AKAP8,,,,,,PTX3,,,,,ARAF,
542,ZNF449,,,,PHIP,,,,,,PUM3,,,,,HPN,
543,HIC1,,,,FZR1,,,,,,PXMP2,,,,,DNAJA1,
544,ZBTB33,,,,FOXA1,,,,,,PYCARD,,,,,CTNNB1,
545,ZNF454,,,,SMARCA5,,,,,,QSER1,,,,,NDNF,
546,ZFP42,,,,KLHL21,,,,,,RACGAP1,,,,,MMP9,
547,ZNF771,,,,GPSM2,,,,,,RAD21,,,,,BRAF,
548,ZBTB2,,,,SMC4,,,,,,RAD51,,,,,NRG1,
549,ZFP41,,,,TOM1L2,,,,,,RAD51AP1,,,,,VEGFB,
550,ZBTB20,,,,EDN3,,,,,,RAD51D,,,,,GRK5,
551,ZFP1,,,,SH3GLB1,,,,,,RAD54B,,,,,ZNF385A,
552,ZBTB37,,,,PTEN,,,,,,RAD54L,,,,,AVEN,
553,SNAI3,,,,PSME1,,,,,,RANBP1,,,,,BCL2A1,
554,ZNF501,,,,CAMK2A,,,,,,RASL11B,,,,,EGFR,
555,ZNF396,,,,ARID2,,,,,,RBBP7,,,,,TSLP,
556,ZSCAN23,,,,PPP1R9B,,,,,,RBBP8,,,,,GCLC,
557,ZNF177,,,,MORF4L2,,,,,,RBL1,,,,,BNIP3,
558,ZNF250,,,,HNRNPU,,,,,,RBMX,,,,,IL11,
559,ZNF140,,,,NPPC,,,,,,RBP1,,,,,HMGA2,
560,ZNF460,,,,CDKN2A,,,,,,RBPMS2,,,,,,
561,ZBTB14,,,,CHMP4C,,,,,,RCN3,,,,,,
562,ZBTB12,,,,OOEP,,,,,,REXO5,,,,,,
563,ZNF580,,,,SRPK2,,,,,,RFC2,,,,,,
564,SP9,,,,CDK11A,,,,,,RFC3,,,,,,
565,ZSCAN31,,,,CACUL1,,,,,,RFC4,,,,,,
566,ZBTB22,,,,TAS1R2,,,,,,RFLNB,,,,,,
567,ZNF345,,,,UCHL5,,,,,,RFWD3,,,,,,
568,MBNL2,,,,RNF167,,,,,,RGS17,,,,,,
569,YBX1,,,,KHDRBS1,,,,,,RIF1,,,,,,
570,LIN28B,,,,PPP2CA,,,,,,RIN1,,,,,,
571,DMRTC2,,,,THAP1,,,,,,RMI1,,,,,,
572,DMRTA1,,,,MX2,,,,,,RMI2,,,,,,
573,ETV7,,,,CCNA1,,,,,,RNASEH2A,,,,,,
574,ELF2,,,,ZBTB49,,,,,,RNF138,,,,,,
575,ETS2,,,,ING5,,,,,,RNF168,,,,,,
576,FOXA2,,,,NEK2,,,,,,RPA3,,,,,,
577,FOXA1,,,,RDX,,,,,,RPL22L1,,,,,,
578,FOXQ1,,,,STAT3,,,,,,RPL39L,,,,,,
579,FOXA3,,,,CDC14C,,,,,,RPL4,,,,,,
580,FOXE1,,,,XRCC3,,,,,,RPL5,,,,,,
581,FOXL2,,,,RRM2,,,,,,RPS16,,,,,,
582,FOXR2,,,,PHOX2B,,,,,,RPS9,,,,,,
583,GATA6,,,,TRIM32,,,,,,RRM1,,,,,,
584,GATA2,,,,CCDC8,,,,,,RRM2,,,,,,
585,TFCP2L1,,,,MAEA,,,,,,RSRC1,,,,,,
586,UBP1,,,,RPS6KB1,,,,,,RUNX1T1,,,,,,
587,HOXA11,,,,RBL2,,,,,,RUVBL1,,,,,,
588,ISL1,,,,FAM107A,,,,,,SAAL1,,,,,,
589,HOXC8,,,,RAB33B,,,,,,SAE1,,,,,,
590,BARX2,,,,NEK7,,,,,,SAFB,,,,,,
591,LHX5,,,,INO80,,,,,,SAPCD2,,,,,,
592,SIX4,,,,TOM1L1,,,,,,SCARA3,,,,,,
593,HOXA5,,,,ESX1,,,,,,SCD,,,,,,
594,HOXA6,,,,CUL7,,,,,,SDHAF3,,,,,,
595,HOXB6,,,,RAD18,,,,,,SEH1L,,,,,,
596,NKX3-2,,,,RXFP3,,,,,,SELENBP1,,,,,,
597,NANOG,,,,SMARCD3,,,,,,SEPHS1,,,,,,
598,NKX2-3,,,,ATF5,,,,,,SERPINF1,,,,,,
599,HOXB8,,,,CYLD,,,,,,SET,,,,,,
600,HOXB1,,,,NSFL1C,,,,,,SF3B3,,,,,,
601,LHX4,,,,AFAP1L2,,,,,,SFPQ,,,,,,
602,HOXA7,,,,KIF20A,,,,,,SFRP1,,,,,,
603,BARHL1,,,,MSX1,,,,,,SGO1,,,,,,
604,SIX1,,,,MEN1,,,,,,SGO2,,,,,,
605,HOXD1,,,,KAT2B,,,,,,SHCBP1,,,,,,
606,HOXD3,,,,PHF8,,,,,,SHMT2,,,,,,
607,HOXD9,,,,EVI2B,,,,,,SKA1,,,,,,
608,HOXD10,,,,KMT2E,,,,,,SKA2,,,,,,
609,CDX4,,,,TARDBP,,,,,,SKA3,,,,,,
610,RHOXF2,,,,RB1,,,,,,SKP2,,,,,,
611,SIX3,,,,LILRB1,,,,,,SLC1A3,,,,,,
612,NKX6-2,,,,CDC20,,,,,,SLC25A40,,,,,,
613,LHX8,,,,GLMN,,,,,,SLC25A5,,,,,,
614,TLX3,,,,MCIDAS,,,,,,SLC35F2,,,,,,
615,NKX6-3,,,,NUDT6,,,,,,SLC38A5,,,,,,
616,NKX3-1,,,,BRCC3,,,,,,SLC43A3,,,,,,
617,HOXD4,,,,RBL1,,,,,,SLC5A6,,,,,,
618,IRX1,,,,CUL2,,,,,,SLC7A5,,,,,,
619,SIX2,,,,SERPINA2,,,,,,SLFN11,,,,,,
620,HOXB9,,,,CCPG1,,,,,,SLIT2,,,,,,
621,TGIF2LY,,,,IGF1,,,,,,SMC2,,,,,,
622,IRX3,,,,ACTR5,,,,,,SMC3,,,,,,
623,HOXC9,,,,RPRD1B,,,,,,SMC4,,,,,,
624,HOXB4,,,,TRNP1,,,,,,SMCHD1,,,,,,
625,ARGFX,,,,ANAPC16,,,,,,SNCAIP,,,,,,
626,HOXA4,,,,TAS2R13,,,,,,SNRNP40,,,,,,
627,HOXA10,,,,AMBRA1,,,,,,SNRPA,,,,,,
628,LHX1,,,,POTEF,,,,,,SNRPB,,,,,,
629,POU5F1,,,,PKMYT1,,,,,,SNRPB2,,,,,,
630,HSFY1,,,,BTC,,,,,,SNRPC,,,,,,
631,HSF5,,,,CXCR5,,,,,,SNRPD1,,,,,,
632,IRF6,,,,CDK1,,,,,,SNRPE,,,,,,
633,PPARD,,,,PDXP,,,,,,SNRPF,,,,,,
634,NR5A2,,,,STOX1,,,,,,SNX5,,,,,,
635,NR2C1,,,,PUM2,,,,,,SOCS2,,,,,,
636,NR4A1,,,,CCNB2,,,,,,SOX11,,,,,,
637,NR1D1,,,,IPO5,,,,,,SPAG5,,,,,,
638,NR5A1,,,,HSF1,,,,,,SPC25,,,,,,
639,RORC,,,,CDK5RAP2,,,,,,SPHK1,,,,,,
640,NR6A1,,,,UXT,,,,,,SRSF3,,,,,,
641,NR1D2,,,,ACTL6B,,,,,,SRSF7,,,,,,
642,RORB,,,,RACGAP1,,,,,,SSRP1,,,,,,
643,PAX8,,,,CREB3L4,,,,,,SSX2IP,,,,,,
644,RFX1,,,,CNTD1,,,,,,STIL,,,,,,
645,RFX7,,,,PAGR1,,,,,,STK26,,,,,,
646,SKOR2,,,,CDK9,,,,,,STMN1,,,,,,
647,SMAD5,,,,MBTD1,,,,,,STMN3,,,,,,
648,NFIC,,,,PIK3C3,,,,,,STOML2,,,,,,
649,SOX30,,,,KAT14,,,,,,SUCLG2,,,,,,
650,TCF7,,,,BRCA1,,,,,,SUPT16H,,,,,,
651,BBX,,,,MLF1,,,,,,SUV39H2,,,,,,
652,SOX3,,,,VPS4A,,,,,,SV2A,,,,,,
653,SOX12,,,,SDCBP,,,,,,SYNCRIP,,,,,,
654,TBX18,,,,CDK6,,,,,,TACC3,,,,,,
655,TBX3,,,,RRM2B,,,,,,TAF1A,,,,,,
656,TBX6,,,,DDX3X,,,,,,TAF1B,,,,,,
657,TBXT,,,,ADARB1,,,,,,TAF5,,,,,,
658,TEAD2,,,,SIPA1,,,,,,TCERG1,,,,,,
659,XPA,,,,BCAT1,,,,,,TCF19,,,,,,
660,SKOR1,,,,TAF1,,,,,,TCF3,,,,,,
661,FOSL2,,,,TGFB1,,,,,,TCOF1,,,,,,
662,ZKSCAN1,,,,ASNS,,,,,,TCP1,,,,,,
663,ZFP14,,,,MNAT1,,,,,,TEX30,,,,,,
664,ZNF415,,,,USP51,,,,,,TFAM,,,,,,
665,ZNF135,,,,NCAPG,,,,,,THG1L,,,,,,
666,ZFP82,,,,NSMCE2,,,,,,THOC1,,,,,,
667,ZKSCAN7,,,,HOXD10,,,,,,TIFA,,,,,,
668,ZNF777,,,,RNF112,,,,,,TIMELESS,,,,,,
669,ZNF682,,,,BRSK1,,,,,,TIPIN,,,,,,
670,FOXP2,,,,PRKAG3,,,,,,TK1,,,,,,
671,SOX6,,,,CDK5RAP3,,,,,,TMA16,,,,,,
672,SOX5,,,,CENPV,,,,,,TMEM119,,,,,,
673,SOX17,,,,PPM1A,,,,,,TMEM251,,,,,,
674,PLAG1,,,,YEATS2,,,,,,TMPO,,,,,,
675,ZKSCAN2,,,,YY1AP1,,,,,,TNFRSF19,,,,,,
676,ZNF582,,,,BCL6,,,,,,TNFRSF1B,,,,,,
677,ZNF506,,,,TSC1,,,,,,TOMM40,,,,,,
678,ZNF324,,,,NUMA1,,,,,,TOP2A,,,,,,
679,ZNF671,,,,NCAPG2,,,,,,TOPBP1,,,,,,
680,ZNF264,,,,BMP7,,,,,,TPRKB,,,,,,
681,ZNF302,,,,TTC28,,,,,,TPX2,,,,,,
682,ZNF184,,,,KCNH5,,,,,,TRA2B,,,,,,
683,ZNF419,,,,CDC42,,,,,,TRAP1,,,,,,
684,ZNF85,,,,PRKD2,,,,,,TRIM28,,,,,,
685,ZNF430,,,,PRKAG1,,,,,,TRIM59,,,,,,
686,ZNF549,,,,GLI1,,,,,,TRIM6,,,,,,
687,ZNF211,,,,KLHL13,,,,,,TRIP13,,,,,,
688,ZNF205,,,,PLAGL1,,,,,,TRMT5,,,,,,
689,ZNF45,,,,KIF25,,,,,,TROAP,,,,,,
690,ZNF133,,,,BRINP3,,,,,,TSEN15,,,,,,
691,ZNF484,,,,USP22,,,,,,TTF1,,,,,,
692,ZNF557,,,,RAD50,,,,,,TTK,,,,,,
693,ZNF337,,,,MRGPRX2,,,,,,TUBA1B,,,,,,
694,ZNF317,,,,MAD2L1BP,,,,,,TUBB,,,,,,
695,ZNF331,,,,USP17L2,,,,,,TUBB4B,,,,,,
696,ZNF141,,,,CUL3,,,,,,TUBGCP3,,,,,,
697,ZNF304,,,,INHBA,,,,,,TUSC1,,,,,,
698,ZNF132,,,,DLGAP5,,,,,,TWIST1,,,,,,
699,ZNF189,,,,TMEM14B,,,,,,TYMS,,,,,,
700,ZNF287,,,,MAD2L1,,,,,,UBA2,,,,,,
701,ZIM3,,,,CCNO,,,,,,UBE2C,,,,,,
702,ZNF614,,,,NOP53,,,,,,UBE2S,,,,,,
703,ZNF300,,,,CDKN2C,,,,,,UBE2T,,,,,,
704,RBAK,,,,AICDA,,,,,,UBR7,,,,,,
705,ZNF157,,,,BEX2,,,,,,UCHL5,,,,,,
706,ZNF182,,,,SMARCC2,,,,,,UHRF1,,,,,,
707,ZNF7,,,,UBD,,,,,,UMPS,,,,,,
708,ZNF214,,,,MBIP,,,,,,URB2,,,,,,
709,ZNF547,,,,CCNG1,,,,,,USP1,,,,,,
710,ZNF776,,,,ZFP36L1,,,,,,USP3,,,,,,
711,ZNF18,,,,AURKB,,,,,,UTP11,,,,,,
712,ZNF19,,,,PRKAG2,,,,,,UTP20,,,,,,
713,ZNF222,,,,RHEB,,,,,,VRK1,,,,,,
714,ZNF235,,,,GATA3,,,,,,WDR34,,,,,,
715,ZNF714,,,,BRD8,,,,,,WDR5,,,,,,
716,ZNF333,,,,CALM2,,,,,,WDR54,,,,,,
717,ZNF382,,,,PTPRK,,,,,,WDR75,,,,,,
718,ZNF496,,,,OPN1LW,,,,,,WDR76,,,,,,
719,PRDM9,,,,ATM,,,,,,WDYHV1,,,,,,
720,ZNF202,,,,GPR132,,,,,,XPO1,,,,,,
721,ZNF3,,,,GADD45A,,,,,,YEATS4,,,,,,
722,ZNF180,,,,SOX15,,,,,,ZDHHC6,,,,,,
723,ZNF641,,,,CCNY,,,,,,ZFAND1,,,,,,
724,ZNF610,,,,STK11,,,,,,ZFHX4,,,,,,
725,ZNF528,,,,CDK15,,,,,,ZNF22,,,,,,
726,ZNF701,,,,CCP110,,,,,,ZNF300,,,,,,
727,ZNF283,,,,ALOX15B,,,,,,ZNF367,,,,,,
728,ZNF558,,,,SPAST,,,,,,ZNF511,,,,,,
729,ZNF30,,,,RPRM,,,,,,ZNF662,,,,,,
730,ZNF354A,,,,PROX1,,,,,,ZNF711,,,,,,
731,ZNF764,,,,TPR,,,,,,ZW10,,,,,,
732,ZNF778,,,,RAB11A,,,,,,ZWILCH,,,,,,
733,ZNF212,,,,ZFYVE19,,,,,,ZWINT,,,,,,
734,ZNF439,,,,CCNJL,,,,,,,,,,,,
735,ZNF440,,,,INTS3,,,,,,,,,,,,
736,ZNF562,,,,SOX9,,,,,,,,,,,,
737,ZNF561,,,,PSMD10,,,,,,,,,,,,
738,ZNF584,,,,PKP4,,,,,,,,,,,,
739,ZIK1,,,,CDCA2,,,,,,,,,,,,
740,ZNF540,,,,LSM11,,,,,,,,,,,,
741,ZNF570,,,,WDR12,,,,,,,,,,,,
742,ZNF621,,,,ACTR8,,,,,,,,,,,,
743,ZNF680,,,,CDK11B,,,,,,,,,,,,
744,ZNF483,,,,GMNN,,,,,,,,,,,,
745,ZNF417,,,,EPGN,,,,,,,,,,,,
746,ZNF791,,,,UBE2S,,,,,,,,,,,,
747,ZNF266,,,,BIRC2,,,,,,,,,,,,
748,ZNF519,,,,MYO16,,,,,,,,,,,,
749,ZNF25,,,,WEE1,,,,,,,,,,,,
750,ZNF77,,,,ZNF16,,,,,,,,,,,,
751,ZNF169,,,,CEP120,,,,,,,,,,,,
752,ZNF613,,,,ANAPC10,,,,,,,,,,,,
753,ZNF620,,,,CCND3,,,,,,,,,,,,
754,ZNF619,,,,DYNLT3,,,,,,,,,,,,
755,ZNF114,,,,FAM83D,,,,,,,,,,,,
756,ZNF543,,,,SETMAR,,,,,,,,,,,,
757,ZNF354B,,,,GIPC1,,,,,,,,,,,,
758,ZNF223,,,,ANAPC7,,,,,,,,,,,,
759,ZNF552,,,,TP53I13,,,,,,,,,,,,
760,ZNF154,,,,JADE3,,,,,,,,,,,,
761,ZNF816,,,,TSPYL2,,,,,,,,,,,,
762,ZNF571,,,,TTL,,,,,,,,,,,,
763,ZNF443,,,,TCIM,,,,,,,,,,,,
764,ZNF792,,,,SSTR5,,,,,,,,,,,,
765,ZNF707,,,,RUVBL2,,,,,,,,,,,,
766,ZNF875,,,,BARD1,,,,,,,,,,,,
767,ZNF101,,,,MACROH2A1,,,,,,,,,,,,
768,ZNF716,,,,EZH2,,,,,,,,,,,,
769,ZNF708,,,,CCNL2,,,,,,,,,,,,
770,ZNF662,,,,NUP62,,,,,,,,,,,,
771,ZNF320,,,,RAD51B,,,,,,,,,,,,
772,ZNF530,,,,CDK7,,,,,,,,,,,,
773,ZNF730,,,,COPS5,,,,,,,,,,,,
774,ZNF93,,,,PKN2,,,,,,,,,,,,
775,ZFP90,,,,TBRG4,,,,,,,,,,,,
776,ZNF479,,,,CHEK1,,,,,,,,,,,,
777,ZNF445,,,,USP37,,,,,,,,,,,,
778,ZNF74,,,,BCL7A,,,,,,,,,,,,
779,ZNF267,,,,ANAPC4,,,,,,,,,,,,
780,ZNF566,,,,BIRC6,,,,,,,,,,,,
781,ZNF529,,,,BECN1,,,,,,,,,,,,
782,ZNF284,,,,CCNQ,,,,,,,,,,,,
783,ZNF749,,,,ERCC3,,,,,,,,,,,,
784,ZNF17,,,,NCAPH,,,,,,,,,,,,
785,ZNF555,,,,MELK,,,,,,,,,,,,
786,ZNF75D,,,,CLASP2,,,,,,,,,,,,
787,ZNF197,,,,KIF2C,,,,,,,,,,,,
788,ZFP69B,,,,KIF11,,,,,,,,,,,,
789,ZFP69,,,,GADD45B,,,,,,,,,,,,
790,ZNF626,,,,LSM10,,,,,,,,,,,,
791,ZNF793,,,,UBE2E2,,,,,,,,,,,,
792,ZNF383,,,,CITED2,,,,,,,,,,,,
793,ZNF669,,,,BORA,,,,,,,,,,,,
794,ZNF548,,,,RAB11FIP3,,,,,,,,,,,,
795,ZNF567,,,,RNF20,,,,,,,,,,,,
796,ZNF573,,,,ING4,,,,,,,,,,,,
797,ZNF527,,,,INO80C,,,,,,,,,,,,
798,ZNF33A,,,,WDR76,,,,,,,,,,,,
799,ZNF79,,,,SND1,,,,,,,,,,,,
800,ZNF681,,,,KDM8,,,,,,,,,,,,
801,ZNF766,,,,HRAS,,,,,,,,,,,,
802,ZNF565,,,,CDC73,,,,,,,,,,,,
803,ZNF765,,,,PDGFB,,,,,,,,,,,,
804,ZNF124,,,,HHEX,,,,,,,,,,,,
805,ZNF605,,,,PPP2R2D,,,,,,,,,,,,
806,ZNF799,,,,ARID1A,,,,,,,,,,,,
807,ZNF782,,,,CTNNB1,,,,,,,,,,,,
808,ZNF846,,,,EPS8,,,,,,,,,,,,
809,ZNF136,,,,GAS1,,,,,,,,,,,,
810,ZKSCAN5,,,,NFRKB,,,,,,,,,,,,
811,ZNF33B,,,,AIF1,,,,,,,,,,,,
812,ZNF431,,,,CCND1,,,,,,,,,,,,
813,ZNF418,,,,CCDC66,,,,,,,,,,,,
814,ZNF585A,,,,ZC3H12D,,,,,,,,,,,,
815,ZNF429,,,,GRK5,,,,,,,,,,,,
816,ZNF100,,,,DAPK3,,,,,,,,,,,,
817,ZNF398,,,,CTBP1,,,,,,,,,,,,
818,ZNF441,,,,AVEN,,,,,,,,,,,,
819,ZNF257,,,,CDKN1C,,,,,,,,,,,,
820,ZNF785,,,,EGFR,,,,,,,,,,,,
821,ZNF786,,,,EIF4E,,,,,,,,,,,,
822,ZNF675,,,,GPER1,,,,,,,,,,,,
823,ZNF860,,,,CHMP4B,,,,,,,,,,,,
824,ZNF695,,,,EGF,,,,,,,,,,,,
825,ZNF615,,,,YY1,,,,,,,,,,,,
826,ZNF433,,,,RGCC,,,,,,,,,,,,
827,ZNF81,,,,CDKN1B,,,,,,,,,,,,
828,ZNF780A,,,,ETAA1,,,,,,,,,,,,
829,ZNF181,,,,KIF2B,,,,,,,,,,,,
830,ZNF44,,,,HMGA2,,,,,,,,,,,,
831,ZNF790,,,,DACT1,,,,,,,,,,,,
832,ZNF823,,,,,,,,,,,,,,,,
833,ZNF311,,,,,,,,,,,,,,,,
834,ZNF273,,,,,,,,,,,,,,,,
835,ZNF84,,,,,,,,,,,,,,,,
836,ZNF667,,,,,,,,,,,,,,,,
837,ZNF649,,,,,,,,,,,,,,,,
838,ZNF248,,,,,,,,,,,,,,,,
839,ZNF334,,,,,,,,,,,,,,,,
840,ZNF485,,,,,,,,,,,,,,,,
841,ZNF442,,,,,,,,,,,,,,,,
842,ZNF26,,,,,,,,,,,,,,,,
843,ZNF69,,,,,,,,,,,,,,,,
844,ZNF480,,,,,,,,,,,,,,,,
845,ZNF587,,,,,,,,,,,,,,,,
846,ZNF808,,,,,,,,,,,,,,,,
847,ZNF28,,,,,,,,,,,,,,,,
848,ZNF627,,,,,,,,,,,,,,,,
849,ZNF789,,,,,,,,,,,,,,,,
850,ZNF534,,,,,,,,,,,,,,,,
851,ZNF525,,,,,,,,,,,,,,,,
852,ZNF805,,,,,,,,,,,,,,,,
853,ZNF468,,,,,,,,,,,,,,,,
854,ZNF616,,,,,,,,,,,,,,,,
855,ZFP57,,,,,,,,,,,,,,,,
856,ZNF783,,,,,,,,,,,,,,,,
857,ZNF425,,,,,,,,,,,,,,,,
858,ZNF611,,,,,,,,,,,,,,,,
859,ZNF254,,,,,,,,,,,,,,,,
860,ZNF90,,,,,,,,,,,,,,,,
861,ZNF891,,,,,,,,,,,,,,,,
862,ZNF705G,,,,,,,,,,,,,,,,
863,ZNF880,,,,,,,,,,,,,,,,
864,ZNF492,,,,,,,,,,,,,,,,
865,ZNF879,,,,,,,,,,,,,,,,
866,ZNF736,,,,,,,,,,,,,,,,
867,ZNF737,,,,,,,,,,,,,,,,
868,ZNF324B,,,,,,,,,,,,,,,,
869,ZNF564,,,,,,,,,,,,,,,,
870,ZNF674,,,,,,,,,,,,,,,,
871,ZNF550,,,,,,,,,,,,,,,,
872,ZNF432,,,,,,,,,,,,,,,,
873,ZNF10,,,,,,,,,,,,,,,,
874,ZNF486,,,,,,,,,,,,,,,,
875,ZNF225,,,,,,,,,,,,,,,,
876,ZNF285,,,,,,,,,,,,,,,,
877,ZNF224,,,,,,,,,,,,,,,,
878,ZIM2,,,,,,,,,,,,,,,,
879,ZNF2,,,,,,,,,,,,,,,,
880,ZNF8,,,,,,,,,,,,,,,,
881,ZNF487,,,,,,,,,,,,,,,,
882,MXI1,,,,,,,,,,,,,,,,
883,MYC,,,,,,,,,,,,,,,,
884,ZEB1,,,,,,,,,,,,,,,,
885,REST,,,,,,,,,,,,,,,,
886,CTCFL,,,,,,,,,,,,,,,,
887,E2F6,,,,,,,,,,,,,,,,
888,PBX3,,,,,,,,,,,,,,,,
889,STAT1,,,,,,,,,,,,,,,,
890,STAT3,,,,,,,,,,,,,,,,
891,STAT2,,,,,,,,,,,,,,,,
892,THAP1,,,,,,,,,,,,,,,,
893,TP73,,,,,,,,,,,,,,,,
894,HIF1A,,,,,,,,,,,,,,,,
895,TWIST1,,,,,,,,,,,,,,,,
896,MITF,,,,,,,,,,,,,,,,
897,KLF9,,,,,,,,,,,,,,,,
898,ZNF24,,,,,,,,,,,,,,,,
899,NFYA,,,,,,,,,,,,,,,,
900,TFDP1,,,,,,,,,,,,,,,,
901,FOXK2,,,,,,,,,,,,,,,,
902,FOXH1,,,,,,,,,,,,,,,,
903,GRHL2,,,,,,,,,,,,,,,,
904,PBX2,,,,,,,,,,,,,,,,
905,DUX4,,,,,,,,,,,,,,,,
906,IRF1,,,,,,,,,,,,,,,,
907,MYB,,,,,,,,,,,,,,,,
908,ESR2,,,,,,,,,,,,,,,,
909,HNF4G,,,,,,,,,,,,,,,,
910,NR2F2,,,,,,,,,,,,,,,,
911,RELB,,,,,,,,,,,,,,,,
912,SOX13,,,,,,,,,,,,,,,,
913,TCF7L2,,,,,,,,,,,,,,,,
914,NFYB,,,,,,,,,,,,,,,,
915,BACH1,,,,,,,,,,,,,,,,
916,SIX5,,,,,,,,,,,,,,,,
917,TBP,,,,,,,,,,,,,,,,
918,ZNF416,,,,,,,,,,,,,,,,
919,ZNF574,,,,,,,,,,,,,,,,
920,ZNF41,,,,,,,,,,,,,,,,
921,ZNF653,,,,,,,,,,,,,,,,
922,ZNF35,,,,,,,,,,,,,,,,
923,ZNF16,,,,,,,,,,,,,,,,
924,ZNF692,,,,,,,,,,,,,,,,
925,ZFP3,,,,,,,,,,,,,,,,
926,ZNF322,,,,,,,,,,,,,,,,
927,ZNF467,,,,,,,,,,,,,,,,
928,ZSCAN22,,,,,,,,,,,,,,,,
929,ZNF71,,,,,,,,,,,,,,,,
930,ZFP64,,,,,,,,,,,,,,,,
931,PRDM6,,,,,,,,,,,,,,,,
932,ZNF37A,,,,,,,,,,,,,,,,
933,ZNF586,,,,,,,,,,,,,,,,
934,MYNN,,,,,,,,,,,,,,,,
935,ZNF213,,,,,,,,,,,,,,,,
936,PATZ1,,,,,,,,,,,,,,,,
937,MAZ,,,,,,,,,,,,,,,,
938,ZNF175,,,,,,,,,,,,,,,,
939,KLF7,,,,,,,,,,,,,,,,
940,GTF3A,,,,,,,,,,,,,,,,
941,ZNF436,,,,,,,,,,,,,,,,
942,FEZF1,,,,,,,,,,,,,,,,
943,ZNF341,,,,,,,,,,,,,,,,
944,ZNF394,,,,,,,,,,,,,,,,
945,IKZF3,,,,,,,,,,,,,,,,
946,ZNF513,,,,,,,,,,,,,,,,
947,ZNF22,,,,,,,,,,,,,,,,
948,ZNF146,,,,,,,,,,,,,,,,
949,ZNF280A,,,,,,,,,,,,,,,,
950,ZNF768,,,,,,,,,,,,,,,,
951,ZNF554,,,,,,,,,,,,,,,,
952,ZNF596,,,,,,,,,,,,,,,,
953,ZBTB42,,,,,,,,,,,,,,,,
954,ZNF594,,,,,,,,,,,,,,,,
955,ZNF329,,,,,,,,,,,,,,,,
956,ZBTB6,,,,,,,,,,,,,,,,
957,ZSCAN30,,,,,,,,,,,,,,,,
958,ZNF490,,,,,,,,,,,,,,,,
959,ZNF563,,,,,,,,,,,,,,,,
960,ZNF34,,,,,,,,,,,,,,,,
961,ZNF774,,,,,,,,,,,,,,,,
962,ZNF502,,,,,,,,,,,,,,,,
963,ZFP28,,,,,,,,,,,,,,,,
964,ZNF98,,,,,,,,,,,,,,,,
965,ZNF677,,,,,,,,,,,,,,,,
966,ZNF121,,,,,,,,,,,,,,,,
967,ZNF770,,,,,,,,,,,,,,,,
968,ZSCAN5C,,,,,,,,,,,,,,,,
969,ZBTB48,,,,,,,,,,,,,,,,
970,ZNF134,,,,,,,,,,,,,,,,
971,GLI4,,,,,,,,,,,,,,,,
972,ZNF260,,,,,,,,,,,,,,,,
973,ZNF350,,,,,,,,,,,,,,,,
974,ZNF595,,,,,,,,,,,,,,,,
975,INSM1,,,,,,,,,,,,,,,,
976,ARID5B,,,,,,,,,,,,,,,,
977,LYL1,,,,,,,,,,,,,,,,
978,AHR,,,,,,,,,,,,,,,,
979,EPAS1,,,,,,,,,,,,,,,,
980,ARNT,,,,,,,,,,,,,,,,
981,TAL1,,,,,,,,,,,,,,,,
982,NFE2L2,,,,,,,,,,,,,,,,
983,ATF1,,,,,,,,,,,,,,,,
984,ZFX,,,,,,,,,,,,,,,,
985,MECOM,,,,,,,,,,,,,,,,
986,SALL4,,,,,,,,,,,,,,,,
987,KLF8,,,,,,,,,,,,,,,,
988,ZBTB17,,,,,,,,,,,,,,,,
989,PRDM14,,,,,,,,,,,,,,,,
990,IKZF1,,,,,,,,,,,,,,,,
991,ZNF335,,,,,,,,,,,,,,,,
992,E2F5,,,,,,,,,,,,,,,,
993,FOXM1,,,,,,,,,,,,,,,,
994,LHX3,,,,,,,,,,,,,,,,
995,NKX2-1,,,,,,,,,,,,,,,,
996,NKX6-1,,,,,,,,,,,,,,,,
997,MBD2,,,,,,,,,,,,,,,,
998,MECP2,,,,,,,,,,,,,,,,
999,NR1H3,,,,,,,,,,,,,,,,
1000,PPARA,,,,,,,,,,,,,,,,
1001,TP53,,,,,,,,,,,,,,,,
1002,RUNX1,,,,,,,,,,,,,,,,
1003,AIRE,,,,,,,,,,,,,,,,
1004,SMAD4,,,,,,,,,,,,,,,,
1005,STAT5A,,,,,,,,,,,,,,,,
1006,STAT4,,,,,,,,,,,,,,,,
1007,STAT6,,,,,,,,,,,,,,,,
1008,STAT5B,,,,,,,,,,,,,,,,
1009,THAP11,,,,,,,,,,,,,,,,
1010,NFYC,,,,,,,,,,,,,,,,
1011,ZNF711,,,,,,,,,,,,,,,,
1012,ARID3A,,,,,,,,,,,,,,,,
1013,HMGA1,,,,,,,,,,,,,,,,
1014,HMGA2,,,,,,,,,,,,,,,,
1015,MYF5,,,,,,,,,,,,,,,,
1016,NFE2L3,,,,,,,,,,,,,,,,
1017,ATF5,,,,,,,,,,,,,,,,
1018,DDIT3,,,,,,,,,,,,,,,,
1019,ZEB2,,,,,,,,,,,,,,,,
1020,HIVEP2,,,,,,,,,,,,,,,,
1021,IKZF2,,,,,,,,,,,,,,,,
1022,ZBTB11,,,,,,,,,,,,,,,,
1023,ZNF423,,,,,,,,,,,,,,,,
1024,ZBTB16,,,,,,,,,,,,,,,,
1025,ZNF541,,,,,,,,,,,,,,,,
1026,GZF1,,,,,,,,,,,,,,,,
1027,ZSCAN10,,,,,,,,,,,,,,,,
1028,PRDM12,,,,,,,,,,,,,,,,
1029,ZNF236,,,,,,,,,,,,,,,,
1030,PRDM15,,,,,,,,,,,,,,,,
1031,PRDM16,,,,,,,,,,,,,,,,
1032,ZNF761,,,,,,,,,,,,,,,,
1033,ZNF148,,,,,,,,,,,,,,,,
1034,ZNF589,,,,,,,,,,,,,,,,
1035,ZNF219,,,,,,,,,,,,,,,,
1036,SALL2,,,,,,,,,,,,,,,,
1037,E4F1,,,,,,,,,,,,,,,,
1038,SP7,,,,,,,,,,,,,,,,
1039,ZNF581,,,,,,,,,,,,,,,,
1040,ZNF217,,,,,,,,,,,,,,,,
1041,ZFP92,,,,,,,,,,,,,,,,
1042,ZSCAN26,,,,,,,,,,,,,,,,
1043,ZNF628,,,,,,,,,,,,,,,,
1044,ZNF521,,,,,,,,,,,,,,,,
1045,SP5,,,,,,,,,,,,,,,,
1046,ZNF316,,,,,,,,,,,,,,,,
1047,ZNF705E,,,,,,,,,,,,,,,,
1048,ZNF727,,,,,,,,,,,,,,,,
1049,ZNF735,,,,,,,,,,,,,,,,
1050,ZNF883,,,,,,,,,,,,,,,,
1051,ZNF718,,,,,,,,,,,,,,,,
1052,ZNF658,,,,,,,,,,,,,,,,
1053,SATB1,,,,,,,,,,,,,,,,
1054,CXXC1,,,,,,,,,,,,,,,,
1055,EBF4,,,,,,,,,,,,,,,,
1056,EBF3,,,,,,,,,,,,,,,,
1057,EBF2,,,,,,,,,,,,,,,,
1058,FOXF1,,,,,,,,,,,,,,,,
1059,FOXN1,,,,,,,,,,,,,,,,
1060,FOXJ1,,,,,,,,,,,,,,,,
1061,FOXD4L4,,,,,,,,,,,,,,,,
1062,TRPS1,,,,,,,,,,,,,,,,
1063,GTF2IRD1,,,,,,,,,,,,,,,,
1064,GTF2I,,,,,,,,,,,,,,,,
1065,HOXA3,,,,,,,,,,,,,,,,
1066,NKX2-2,,,,,,,,,,,,,,,,
1067,SETDB1,,,,,,,,,,,,,,,,
1068,MTERF1,,,,,,,,,,,,,,,,
1069,CDC5L,,,,,,,,,,,,,,,,
1070,SMAD9,,,,,,,,,,,,,,,,
1071,SMAD1,,,,,,,,,,,,,,,,
1072,HBP1,,,,,,,,,,,,,,,,
1073,SOX11,,,,,,,,,,,,,,,,
1074,TBX22,,,,,,,,,,,,,,,,
1075,LTF,,,,,,,,,,,,,,,,
1076,DNTTIP1,,,,,,,,,,,,,,,,
1077,POU2AF1,,,,,,,,,,,,,,,,
1078,CEBPZ,,,,,,,,,,,,,,,,
1079,GTF2B,,,,,,,,,,,,,,,,
1080,CARF,,,,,,,,,,,,,,,,
1081,SPZ1,,,,,,,,,,,,,,,,
1082,NR0B1,,,,,,,,,,,,,,,,
1083,BPTF,,,,,,,,,,,,,,,,
1084,PURA,,,,,,,,,,,,,,,,
1085,TOPORS,,,,,,,,,,,,,,,,
1086,NFE4,,,,,,,,,,,,,,,,
1087,ADNP,,,,,,,,,,,,,,,,
1088,CHAMP1,,,,,,,,,,,,,,,,
1089,DACH1,,,,,,,,,,,,,,,,
1090,DRAP1,,,,,,,,,,,,,,,,
1091,GATAD1,,,,,,,,,,,,,,,,
1092,GATAD2A,,,,,,,,,,,,,,,,
1093,HHEX,,,,,,,,,,,,,,,,
1094,HMG20A,,,,,,,,,,,,,,,,
1095,HMG20B,,,,,,,,,,,,,,,,
1096,HMGXB4,,,,,,,,,,,,,,,,
1097,IKZF5,,,,,,,,,,,,,,,,
1098,INSM2,,,,,,,,,,,,,,,,
1099,KAT7,,,,,,,,,,,,,,,,
1100,KMT2B,,,,,,,,,,,,,,,,
1101,MBD1,,,,,,,,,,,,,,,,
1102,MXD3,,,,,,,,,,,,,,,,
1103,MXD4,,,,,,,,,,,,,,,,
1104,NCOA1,,,,,,,,,,,,,,,,
1105,NCOA3,,,,,,,,,,,,,,,,
1106,NFXL1,,,,,,,,,,,,,,,,
1107,PHF20,,,,,,,,,,,,,,,,
1108,PRDM10,,,,,,,,,,,,,,,,
1109,SKI,,,,,,,,,,,,,,,,
1110,ZBED5,,,,,,,,,,,,,,,,
1111,ZBTB10,,,,,,,,,,,,,,,,
1112,ZBTB21,,,,,,,,,,,,,,,,
1113,ZBTB25,,,,,,,,,,,,,,,,
1114,ZBTB40,,,,,,,,,,,,,,,,
1115,ZBTB8A,,,,,,,,,,,,,,,,
1116,ZFP37,,,,,,,,,,,,,,,,
1117,ZFP91,,,,,,,,,,,,,,,,
1118,ZGPAT,,,,,,,,,,,,,,,,
1119,ZKSCAN8,,,,,,,,,,,,,,,,
1120,ZNF239,,,,,,,,,,,,,,,,
1121,ZNF362,,,,,,,,,,,,,,,,
1122,ZNF366,,,,,,,,,,,,,,,,
1123,ZNF407,,,,,,,,,,,,,,,,
1124,ZNF426,,,,,,,,,,,,,,,,
1125,ZNF48,,,,,,,,,,,,,,,,
1126,ZNF507,,,,,,,,,,,,,,,,
1127,ZNF511,,,,,,,,,,,,,,,,
1128,ZNF512,,,,,,,,,,,,,,,,
1129,ZNF518A,,,,,,,,,,,,,,,,
1130,ZNF577,,,,,,,,,,,,,,,,
1131,ZNF579,,,,,,,,,,,,,,,,
1132,ZNF585B,,,,,,,,,,,,,,,,
1133,ZNF592,,,,,,,,,,,,,,,,
1134,ZNF600,,,,,,,,,,,,,,,,
1135,ZNF629,,,,,,,,,,,,,,,,
1136,ZNF639,,,,,,,,,,,,,,,,
1137,ZNF644,,,,,,,,,,,,,,,,
1138,ZNF652,,,,,,,,,,,,,,,,
1139,ZNF654,,,,,,,,,,,,,,,,
1140,ZNF664,,,,,,,,,,,,,,,,
1141,ZNF697,,,,,,,,,,,,,,,,
1142,ZNF781,,,,,,,,,,,,,,,,
1143,ZNF83,,,,,,,,,,,,,,,,
1144,ZNF843,,,,,,,,,,,,,,,,
1145,ZSCAN21,,,,,,,,,,,,,,,,
1146,ZXDB,,,,,,,,,,,,,,,,
1147,AFF4,,,,,,,,,,,,,,,,
1148,ASCC1,,,,,,,,,,,,,,,,
1149,BAD,,,,,,,,,,,,,,,,
1150,CBFA2T2,,,,,,,,,,,,,,,,
1151,CBFB,,,,,,,,,,,,,,,,
1152,ZNF830,,,,,,,,,,,,,,,,
1153,CNOT6,,,,,,,,,,,,,,,,
1154,NELFB,,,,,,,,,,,,,,,,
1155,DDX20,,,,,,,,,,,,,,,,
1156,ENO1,,,,,,,,,,,,,,,,
1157,FEZF2,,,,,,,,,,,,,,,,
1158,FHL2,,,,,,,,,,,,,,,,
1159,FOXP4,,,,,,,,,,,,,,,,
1160,GTF2H3,,,,,,,,,,,,,,,,
1161,GTF3C2,,,,,,,,,,,,,,,,
1162,GTF3C5,,,,,,,,,,,,,,,,
1163,HCFC2,,,,,,,,,,,,,,,,
1164,HCLS1,,,,,,,,,,,,,,,,
1165,HDAC8,,,,,,,,,,,,,,,,
1166,UBE2K,,,,,,,,,,,,,,,,
1167,HTATIP2,,,,,,,,,,,,,,,,
1168,ID2,,,,,,,,,,,,,,,,
1169,KDM5A,,,,,,,,,,,,,,,,
1170,LARP1,,,,,,,,,,,,,,,,
1171,CERS4,,,,,,,,,,,,,,,,
1172,MAGED4,,,,,,,,,,,,,,,,
1173,MAGEF1,,,,,,,,,,,,,,,,
1174,MYEF2,,,,,,,,,,,,,,,,
1175,NCALD,,,,,,,,,,,,,,,,
1176,NME1,,,,,,,,,,,,,,,,
1177,NMRAL1,,,,,,,,,,,,,,,,
1178,NUCB1,,,,,,,,,,,,,,,,
1179,OTUD4,,,,,,,,,,,,,,,,
1180,PAXIP1,,,,,,,,,,,,,,,,
1181,PDCD11,,,,,,,,,,,,,,,,
1182,PDLIM5,,,,,,,,,,,,,,,,
1183,PHTF1,,,,,,,,,,,,,,,,
1184,PIR,,,,,,,,,,,,,,,,
1185,PLAGL1,,,,,,,,,,,,,,,,
1186,PQBP1,,,,,,,,,,,,,,,,
1187,PURG,,,,,,,,,,,,,,,,
1188,RAB18,,,,,,,,,,,,,,,,
1189,RAN,,,,,,,,,,,,,,,,
1190,RBBP5,,,,,,,,,,,,,,,,
1191,RBFOX2,,,,,,,,,,,,,,,,
1192,RFXANK,,,,,,,,,,,,,,,,
1193,SCAND2P,,,,,,,,,,,,,,,,
1194,SCMH1,,,,,,,,,,,,,,,,
1195,SEMA4A,,,,,,,,,,,,,,,,
1196,SF1,,,,,,,,,,,,,,,,
1197,SMAD2,,,,,,,,,,,,,,,,
1198,SNAPC4,,,,,,,,,,,,,,,,
1199,SNAPC5,,,,,,,,,,,,,,,,
1200,SND1,,,,,,,,,,,,,,,,
1201,SSBP3,,,,,,,,,,,,,,,,
1202,SSX2,,,,,,,,,,,,,,,,
1203,SSX3,,,,,,,,,,,,,,,,
1204,TAF1A,,,,,,,,,,,,,,,,
1205,TAF9,,,,,,,,,,,,,,,,
1206,TBPL1,,,,,,,,,,,,,,,,
1207,TCEAL2,,,,,,,,,,,,,,,,
1208,TFAM,,,,,,,,,,,,,,,,
1209,THAP5,,,,,,,,,,,,,,,,
1210,MED30,,,,,,,,,,,,,,,,
1211,TIMELESS,,,,,,,,,,,,,,,,
1212,TRMT1,,,,,,,,,,,,,,,,
1213,TSC22D4,,,,,,,,,,,,,,,,
1214,TSNAX,,,,,,,,,,,,,,,,
1215,TULP1,,,,,,,,,,,,,,,,
1216,VPS4B,,,,,,,,,,,,,,,,
1217,YEATS4,,,,,,,,,,,,,,,,
1218,ZBTB4,,,,,,,,,,,,,,,,
1219,ZBTB46,,,,,,,,,,,,,,,,
1220,ZHX3,,,,,,,,,,,,,,,,
1221,ZNF131,,,,,,,,,,,,,,,,
1222,ZNF160,,,,,,,,,,,,,,,,
1223,ZNF207,,,,,,,,,,,,,,,,
1224,RNF114,,,,,,,,,,,,,,,,
1225,ZNF326,,,,,,,,,,,,,,,,
1226,ZNF385A,,,,,,,,,,,,,,,,
1227,ZNF503,,,,,,,,,,,,,,,,
1228,ZNF510,,,,,,,,,,,,,,,,
1229,ZNF706,,,,,,,,,,,,,,,,
1230,TFAP2D,,,,,,,,,,,,,,,,
1231,BRCA1,,,,,,,,,,,,,,,,
1232,CREB3L2,,,,,,,,,,,,,,,,
1233,FUBP1,,,,,,,,,,,,,,,,
1234,HAND1,,,,,,,,,,,,,,,,
1235,HLTF,,,,,,,,,,,,,,,,
1236,HOXC6,,,,,,,,,,,,,,,,
1237,ID4,,,,,,,,,,,,,,,,
1238,NR1H2,,,,,,,,,,,,,,,,
1239,NR4A3,,,,,,,,,,,,,,,,
1240,SMARCA1,,,,,,,,,,,,,,,,
1241,SMARCA5,,,,,,,,,,,,,,,,
1242,SOX1,,,,,,,,,,,,,,,,
1243,TAF1,,,,,,,,,,,,,,,,
1244,TLX1,,,,,,,,,,,,,,,,
1245,HIVEP1,,,,,,,,,,,,,,,,
1246,ZNF165,,,,,,,,,,,,,,,,
1247,NF1,,,,,,,,,,,,,,,,
1248,BNC2,,,,,,,,,,,,,,,,
1249,ZBED2,,,,,,,,,,,,,,,,
1250,NKX2-4,,,,,,,,,,,,,,,,
1251,ARID5A,,,,,,,,,,,,,,,,
1252,BCL3,,,,,,,,,,,,,,,,
1253,CHD1,,,,,,,,,,,,,,,,
1254,CHD2,,,,,,,,,,,,,,,,
1255,DBX2,,,,,,,,,,,,,,,,
1256,DMC1,,,,,,,,,,,,,,,,
1257,EP300,,,,,,,,,,,,,,,,
1258,EZH2,,,,,,,,,,,,,,,,
1259,GTF2F1,,,,,,,,,,,,,,,,
1260,HCFC1,,,,,,,,,,,,,,,,
1261,HLX,,,,,,,,,,,,,,,,
1262,HOXC5,,,,,,,,,,,,,,,,
1263,IRX4,,,,,,,,,,,,,,,,
1264,IRX6,,,,,,,,,,,,,,,,
1265,MTA3,,,,,,,,,,,,,,,,
1266,NKX1-1,,,,,,,,,,,,,,,,
1267,NKX1-2,,,,,,,,,,,,,,,,
1268,NKX2-6,,,,,,,,,,,,,,,,
1269,OTP,,,,,,,,,,,,,,,,
1270,PML,,,,,,,,,,,,,,,,
1271,RAD21,,,,,,,,,,,,,,,,
1272,RCOR1,,,,,,,,,,,,,,,,
1273,SIN3A,,,,,,,,,,,,,,,,
1274,SMARCC1,,,,,,,,,,,,,,,,
1275,SMARCC2,,,,,,,,,,,,,,,,
1276,SMC3,,,,,,,,,,,,,,,,
1277,SP100,,,,,,,,,,,,,,,,
1278,TBL1XR1,,,,,,,,,,,,,,,,
1279,WRNIP1,,,,,,,,,,,,,,,,
1280,ZBTB3,,,,,,,,,,,,,,,,
1281,ZNF691,,,,,,,,,,,,,,,,
1282,TRAF4,,,,,,,,,,,,,,,,
1283,CPSF4,,,,,,,,,,,,,,,,
1284,MYCLP1,,,,,,,,,,,,,,,,
1285,TCF15,,,,,,,,,,,,,,,,
1286,TAF6,,,,,,,,,,,,,,,,
1287,GABPB1,,,,,,,,,,,,,,,,
1288,ILF2,,,,,,,,,,,,,,,,
1289,SIRT6,,,,,,,,,,,,,,,,
1290,ING4,,,,,,,,,,,,,,,,
1291,CHURC1,,,,,,,,,,,,,,,,
1292,MXD1,,,,,,,,,,,,,,,,
1293,TAL2,,,,,,,,,,,,,,,,
1294,RFXAP,,,,,,,,,,,,,,,,
1295,GTF2A2,,,,,,,,,,,,,,,,
1296,GTF2A1,,,,,,,,,,,,,,,,
1297,TFDP2,,,,,,,,,,,,,,,,
1298,RB1,,,,,,,,,,,,,,,,
1299,SMAD7,,,,,,,,,,,,,,,,
1300,SMAD6,,,,,,,,,,,,,,,,
1301,DEAF1,,,,,,,,,,,,,,,,
1302,ARNTL2,,,,,,,,,,,,,,,,
1303,TRIM28,,,,,,,,,,,,,,,,
1304,PARP1,,,,,,,,,,,,,,,,
1305,TERF1,,,,,,,,,,,,,,,,
1306,CNOT3,,,,,,,,,,,,,,,,
1307,DBX1,,,,,,,,,,,,,,,,
1308,BRF1,,,,,,,,,,,,,,,,
1309,BDP1,,,,,,,,,,,,,,,,
1310,POLR3A,,,,,,,,,,,,,,,,
1311,EWSR1,,,,,,,,,,,,,,,,
1312,CTNNB1,,,,,,,,,,,,,,,,
1313,FOXN4,,,,,,,,,,,,,,,,
1314,BCLAF1,,,,,,,,,,,,,,,,
1315,CCNT2,,,,,,,,,,,,,,,,
1316,HDAC2,,,,,,,,,,,,,,,,
1317,OVOL3,,,,,,,,,,,,,,,,
1318,ZNF536,,,,,,,,,,,,,,,,
1319,ZBTB5,,,,,,,,,,,,,,,,
1320,ZNF688,,,,,,,,,,,,,,,,
1321,TBX10,,,,,,,,,,,,,,,,
1322,FOXD4L6,,,,,,,,,,,,,,,,
1323,FOXE3,,,,,,,,,,,,,,,,
1324,RLF,,,,,,,,,,,,,,,,
1325,SP6,,,,,,,,,,,,,,,,
1326,ZNF746,,,,,,,,,,,,,,,,
1327,FOXD4L5,,,,,,,,,,,,,,,,
1328,FOXD4L3,,,,,,,,,,,,,,,,
1329,TBPL2,,,,,,,,,,,,,,,,
1330,ZNF687,,,,,,,,,,,,,,,,
1331,ZNF438,,,,,,,,,,,,,,,,
1332,ZNF516,,,,,,,,,,,,,,,,
1333,ZSCAN18,,,,,,,,,,,,,,,,
1334,PRDM13,,,,,,,,,,,,,,,,
1335,FOXD4L1,,,,,,,,,,,,,,,,
1336,SALL1,,,,,,,,,,,,,,,,
1337,ZBTB41,,,,,,,,,,,,,,,,
1338,ZBTB1,,,,,,,,,,,,,,,,
1339,ZSCAN5B,,,,,,,,,,,,,,,,
1340,GTF2A1L,,,,,,,,,,,,,,,,
1341,ZBTB8B,,,,,,,,,,,,,,,,
1342,ZNF575,,,,,,,,,,,,,,,,
1343,ZNF280B,,,,,,,,,,,,,,,,
1344,ZBTB34,,,,,,,,,,,,,,,,
1345,IKZF4,,,,,,,,,,,,,,,,
1346,AEBP2,,,,,,,,,,,,,,,,
1347,ZNF772,,,,,,,,,,,,,,,,
1348,ZSCAN25,,,,,,,,,,,,,,,,
1349,FIZ1,,,,,,,,,,,,,,,,
1350,ZNF215,,,,,,,,,,,,,,,,
1351,SALL3,,,,,,,,,,,,,,,,
1352,ZNF500,,,,,,,,,,,,,,,,
1353,ZFY,,,,,,,,,,,,,,,,
1354,ZBTB24,,,,,,,,,,,,,,,,
1355,ZNF853,,,,,,,,,,,,,,,,
1356,ZSCAN20,,,,,,,,,,,,,,,,
1357,ZNF80,,,,,,,,,,,,,,,,
1358,ZNF20,,,,,,,,,,,,,,,,
1359,ZNF630,,,,,,,,,,,,,,,,
1360,ZNF699,,,,,,,,,,,,,,,,
1361,ZNF470,,,,,,,,,,,,,,,,
1362,ZNF57,,,,,,,,,,,,,,,,
1363,ZXDC,,,,,,,,,,,,,,,,
1364,ZNF648,,,,,,,,,,,,,,,,
1365,ZNF544,,,,,,,,,,,,,,,,
1366,ZNF546,,,,,,,,,,,,,,,,
1367,ZNF517,,,,,,,,,,,,,,,,
1368,ZFP2,,,,,,,,,,,,,,,,
1369,ZNF572,,,,,,,,,,,,,,,,
1370,ZNF66,,,,,,,,,,,,,,,,
1371,ZNF689,,,,,,,,,,,,,,,,
1372,ZNF837,,,,,,,,,,,,,,,,
1373,ZNF710,,,,,,,,,,,,,,,,
1374,ZNF625,,,,,,,,,,,,,,,,
1375,ZNF491,,,,,,,,,,,,,,,,
1376,ZNF709,,,,,,,,,,,,,,,,
1377,ZNF526,,,,,,,,,,,,,,,,
1378,ZNF676,,,,,,,,,,,,,,,,
1379,ZNF556,,,,,,,,,,,,,,,,
1380,ZNF408,,,,,,,,,,,,,,,,
1381,ZNF700,,,,,,,,,,,,,,,,
1382,ZNF286A,,,,,,,,,,,,,,,,
1383,ZNF471,,,,,,,,,,,,,,,,
1384,ZFP30,,,,,,,,,,,,,,,,
1385,ZNF230,,,,,,,,,,,,,,,,
1386,ZNF233,,,,,,,,,,,,,,,,
1387,ZNF275,,,,,,,,,,,,,,,,
1388,ZNF729,,,,,,,,,,,,,,,,
1389,ZSCAN32,,,,,,,,,,,,,,,,
1390,ZNF195,,,,,,,,,,,,,,,,
1391,ZNF814,,,,,,,,,,,,,,,,
1392,ZNF878,,,,,,,,,,,,,,,,
1393,ZNF726,,,,,,,,,,,,,,,,
1394,ZNF208,,,,,,,,,,,,,,,,
1395,ZNF732,,,,,,,,,,,,,,,,
1396,ZNF99,,,,,,,,,,,,,,,,
1397,ZNF253,,,,,,,,,,,,,,,,
1398,ZNF623,,,,,,,,,,,,,,,,
1399,ZNF14,,,,,,,,,,,,,,,,
1400,ZNF705D,,,,,,,,,,,,,,,,
1401,ZNF43,,,,,,,,,,,,,,,,
1402,ZNF92,,,,,,,,,,,,,,,,
1403,ZNF117,,,,,,,,,,,,,,,,
1404,ZNF138,,,,,,,,,,,,,,,,
1405,ZNF91,,,,,,,,,,,,,,,,
1406,ZXDA,,,,,,,,,,,,,,,,
1407,ZNF155,,,,,,,,,,,,,,,,
1408,ZNF234,,,,,,,,,,,,,,,,
1409,ZNF844,,,,,,,,,,,,,,,,
1410,ZNF763,,,,,,,,,,,,,,,,
1411,ZNF569,,,,,,,,,,,,,,,,
1412,ZNF404,,,,,,,,,,,,,,,,
1413,ZNF678,,,,,,,,,,,,,,,,
1414,ZNF829,,,,,,,,,,,,,,,,
1415,ZNF672,,,,,,,,,,,,,,,,
1416,ZNF568,,,,,,,,,,,,,,,,
1417,ZNF841,,,,,,,,,,,,,,,,
1418,ZNF813,,,,,,,,,,,,,,,,
1419,ZNF836,,,,,,,,,,,,,,,,
1420,ZNF705A,,,,,,,,,,,,,,,,
1421,ZNF773,,,,,,,,,,,,,,,,
1422,ZNF551,,,,,,,,,,,,,,,,
1423,ZSCAN2,,,,,,,,,,,,,,,,
1424,ZNF227,,,,,,,,,,,,,,,,
1425,ZNF497,,,,,,,,,,,,,,,,
1426,ZNF493,,,,,,,,,,,,,,,,
1427,ZNF679,,,,,,,,,,,,,,,,
1428,ZNF683,,,,,,,,,,,,,,,,
1429,ZFP62,,,,,,,,,,,,,,,,
1430,ZNF721,,,,,,,,,,,,,,,,
1431,ZNF461,,,,,,,,,,,,,,,,
1432,ZNF397,,,,,,,,,,,,,,,,
1433,ZNF420,,,,,,,,,,,,,,,,
1434,ZNF578,,,,,,,,,,,,,,,,
1435,ZNF775,,,,,,,,,,,,,,,,
1436,ZNF845,,,,,,,,,,,,,,,,
1437,ZNF560,,,,,,,,,,,,,,,,
1438,ZNF606,,,,,,,,,,,,,,,,
1439,ZNF668,,,,,,,,,,,,,,,,
1440,ZKSCAN4,,,,,,,,,,,,,,,,
1441,ZNF514,,,,,,,,,,,,,,,,
1442,ZNF696,,,,,,,,,,,,,,,,
1443,ZNF607,,,,,,,,,,,,,,,,
1444,ZNF599,,,,,,,,,,,,,,,,
1445,ZNF559,,,,,,,,,,,,,,,,
1446,ZNF251,,,,,,,,,,,,,,,,
1447,ZNF583,,,,,,,,,,,,,,,,
1448,ZNF665,,,,,,,,,,,,,,,,
1449,ZNF670,,,,,,,,,,,,,,,,
1450,ZNF358,,,,,,,,,,,,,,,,
1451,ZNF319,,,,,,,,,,,,,,,,
1452,ZNF70,,,,,,,,,,,,,,,,
1453,ZNF226,,,,,,,,,,,,,,,,
1454,ZNF624,,,,,,,,,,,,,,,,
1455,PRDM5,,,,,,,,,,,,,,,,
1456,ZNF112,,,,,,,,,,,,,,,,
1457,ZNF780B,,,,,,,,,,,,,,,,
1458,ZBTB47,,,,,,,,,,,,,,,,
1459,ZBTB39,,,,,,,,,,,,,,,,
1460,ZNF646,,,,,,,,,,,,,,,,
1461,ZNF835,,,,,,,,,,,,,,,,
1462,ZNF107,,,,,,,,,,,,,,,,
1463,ZNF391,,,,,,,,,,,,,,,,
1464,ZSCAN12,,,,,,,,,,,,,,,,
1465,ZFPM1,,,,,,,,,,,,,,,,
1466,PEG3,,,,,,,,,,,,,,,,
1467,ZBTB38,,,,,,,,,,,,,,,,
1468,ZNF367,,,,,,,,,,,,,,,,
1469,ZNF256,,,,,,,,,,,,,,,,
1470,HDAC1,,,,,,,,,,,,,,,,
1471,APEX1,,,,,,,,,,,,,,,,
1472,CTBP1,,,,,,,,,,,,,,,,
1473,BANP,,,,,,,,,,,,,,,,
1474,CRTC2,,,,,,,,,,,,,,,,
1475,NONO,,,,,,,,,,,,,,,,
1476,SFPQ,,,,,,,,,,,,,,,,
1477,ABL1,,,,,,,,,,,,,,,,
1478,HELT,,,,,,,,,,,,,,,,
1479,DIDO1,,,,,,,,,,,,,,,,
1480,HNRNPUL1,,,,,,,,,,,,,,,,
1481,DPF2,,,,,,,,,,,,,,,,
1482,NCOA2,,,,,,,,,,,,,,,,
1483,ILF3,,,,,,,,,,,,,,,,
1484,RHOXF2B,,,,,,,,,,,,,,,,
1485,AHDC1,,,,,,,,,,,,,,,,
1486,HMGXB3,,,,,,,,,,,,,,,,
1487,LCOR,,,,,,,,,,,,,,,,
1488,MLLT10,,,,,,,,,,,,,,,,
1489,SATB2,,,,,,,,,,,,,,,,
1490,GPBP1L1,,,,,,,,,,,,,,,,
1491,ZNF280D,,,,,,,,,,,,,,,,
1492,ZNF142,,,,,,,,,,,,,,,,
1493,ZNF462,,,,,,,,,,,,,,,,
1494,ZNF576,,,,,,,,,,,,,,,,
1495,ATF7-NPFF,,,,,,,,,,,,,,,,
1496,NANOGP8,,,,,,,,,,,,,,,,
1497,MBTPS2,,,,,,,,,,,,,,,,
1498,CIC,,,,,,,,,,,,,,,,
1499,SETBP1,,,,,,,,,,,,,,,,
1500,FOXL3,,,,,,,,,,,,,,,,
1501,SEBOX,,,,,,,,,,,,,,,,
1502,DMRTB1,,,,,,,,,,,,,,,,
1503,RFX6,,,,,,,,,,,,,,,,
1504,TAF1L,,,,,,,,,,,,,,,,
1505,TWIST2,,,,,,,,,,,,,,,,
1506,FREM1,,,,,,,,,,,,,,,,
1507,ARID3B,,,,,,,,,,,,,,,,
1508,RBPJL,,,,,,,,,,,,,,,,
1509,CREBL2,,,,,,,,,,,,,,,,
1510,FOXB2,,,,,,,,,,,,,,,,
1511,FOXD4,,,,,,,,,,,,,,,,
1512,SP140,,,,,,,,,,,,,,,,
1513,CPHXL,,,,,,,,,,,,,,,,
1514,AHCTF1,,,,,,,,,,,,,,,,
1515,DNAJC21,,,,,,,,,,,,,,,,
1516,MYPOP,,,,,,,,,,,,,,,,
1517,PRDM11,,,,,,,,,,,,,,,,
1518,PHF21A,,,,,,,,,,,,,,,,
1519,CCDC169-SOHLH2,,,,,,,,,,,,,,,,
1520,MLXIP,,,,,,,,,,,,,,,,
1521,CREBZF,,,,,,,,,,,,,,,,
1522,TERF2,,,,,,,,,,,,,,,,
1523,SP110,,,,,,,,,,,,,,,,
1524,NFX1,,,,,,,,,,,,,,,,
1525,ASH2L,,,,,,,,,,,,,,,,
1526,METTL14,,,,,,,,,,,,,,,,
1527,VPS72,,,,,,,,,,,,,,,,
1528,CERS6,,,,,,,,,,,,,,,,
1529,CERS3,,,,,,,,,,,,,,,,
1530,CERS5,,,,,,,,,,,,,,,,
1531,CERS2,,,,,,,,,,,,,,,,
1532,PRDM7,,,,,,,,,,,,,,,,
1533,HIF3A,,,,,,,,,,,,,,,,
1534,BNC1,,,,,,,,,,,,,,,,
1535,FANK1,,,,,,,,,,,,,,,,
1536,IL21,,,,,,,,,,,,,,,,
1537,ZNF622,,,,,,,,,,,,,,,,
1538,NPAS4,,,,,,,,,,,,,,,,
1539,ZBED6,,,,,,,,,,,,,,,,
1540,TMEM33,,,,,,,,,,,,,,,,
1541,ACAA1,,,,,,,,,,,,,,,,
1542,ZNF800,,,,,,,,,,,,,,,,
1543,ADNP2,,,,,,,,,,,,,,,,
1544,ZNF414,,,,,,,,,,,,,,,,
1545,ZFP91-CNTF,,,,,,,,,,,,,,,,
1546,ZNF587B,,,,,,,,,,,,,,,,
1547,ZNF451,,,,,,,,,,,,,,,,
1548,ZNF532,,,,,,,,,,,,,,,,
1549,LDB1,,,,,,,,,,,,,,,,
1550,LMO2,,,,,,,,,,,,,,,,
1551,YOD1,,,,,,,,,,,,,,,,
1552,METTL3,,,,,,,,,,,,,,,,
1553,A1CF,,,,,,,,,,,,,,,,
1554,ABCF2,,,,,,,,,,,,,,,,
1555,ACO1,,,,,,,,,,,,,,,,
1556,ADARB1,,,,,,,,,,,,,,,,
1557,AGAP2,,,,,,,,,,,,,,,,
1558,AGGF1,,,,,,,,,,,,,,,,
1559,AGMAT,,,,,,,,,,,,,,,,
1560,AHRR,,,,,,,,,,,,,,,,
1561,AKR1A1,,,,,,,,,,,,,,,,
1562,ANXA1,,,,,,,,,,,,,,,,
1563,ANXA11,,,,,,,,,,,,,,,,
1564,APEX2,,,,,,,,,,,,,,,,
1565,ARFGAP1,,,,,,,,,,,,,,,,
1566,ARG1,,,,,,,,,,,,,,,,
1567,ARG2,,,,,,,,,,,,,,,,
1568,ARID3C,,,,,,,,,,,,,,,,
1569,ASAP3,,,,,,,,,,,,,,,,
1570,ASPSCR1,,,,,,,,,,,,,,,,
1571,ATOH8,,,,,,,,,,,,,,,,
1572,AVEN,,,,,,,,,,,,,,,,
1573,BAX,,,,,,,,,,,,,,,,
1574,BOLL,,,,,,,,,,,,,,,,
1575,BORCS8-MEF2B,,,,,,,,,,,,,,,,
1576,BRF2,,,,,,,,,,,,,,,,
1577,C19orf25,,,,,,,,,,,,,,,,
1578,CANX,,,,,,,,,,,,,,,,
1579,CAT,,,,,,,,,,,,,,,,
1580,CBX7,,,,,,,,,,,,,,,,
1581,CCDC25,,,,,,,,,,,,,,,,
1582,CD59,,,,,,,,,,,,,,,,
1583,CDK2AP1,,,,,,,,,,,,,,,,
1584,CELF4,,,,,,,,,,,,,,,,
1585,CELF5,,,,,,,,,,,,,,,,
1586,CELF6,,,,,,,,,,,,,,,,
1587,CFL2,,,,,,,,,,,,,,,,
1588,CKMT1B,,,,,,,,,,,,,,,,
1589,CLK1,,,,,,,,,,,,,,,,
1590,CNOT4,,,,,,,,,,,,,,,,
1591,CPTP,,,,,,,,,,,,,,,,
1592,CSNK2B,,,,,,,,,,,,,,,,
1593,CSTF2,,,,,,,,,,,,,,,,
1594,CYB5R1,,,,,,,,,,,,,,,,
1595,CYCS,,,,,,,,,,,,,,,,
1596,DAB2,,,,,,,,,,,,,,,,
1597,DAZAP1,,,,,,,,,,,,,,,,
1598,DDX4,,,,,,,,,,,,,,,,
1599,DDX43,,,,,,,,,,,,,,,,
1600,DDX53,,,,,,,,,,,,,,,,
1601,DGCR8,,,,,,,,,,,,,,,,
1602,DHX36,,,,,,,,,,,,,,,,
1603,DIABLO,,,,,,,,,,,,,,,,
1604,DIS3,,,,,,,,,,,,,,,,
1605,DMAP1,,,,,,,,,,,,,,,,
1606,DNMT3A,,,,,,,,,,,,,,,,
1607,DR1,,,,,,,,,,,,,,,,
1608,DTL,,,,,,,,,,,,,,,,
1609,DUS3L,,,,,,,,,,,,,,,,
1610,DUSP22,,,,,,,,,,,,,,,,
1611,DUSP26,,,,,,,,,,,,,,,,
1612,ECSIT,,,,,,,,,,,,,,,,
1613,EDN1,,,,,,,,,,,,,,,,
1614,EEF1D,,,,,,,,,,,,,,,,
1615,EIF5A2,,,,,,,,,,,,,,,,
1616,ESRP1,,,,,,,,,,,,,,,,
1617,ESRP2,,,,,,,,,,,,,,,,
1618,ETFB,,,,,,,,,,,,,,,,
1619,EXO5,,,,,,,,,,,,,,,,
1620,EXOSC3,,,,,,,,,,,,,,,,
1621,EZR,,,,,,,,,,,,,,,,
1622,FAAP24,,,,,,,,,,,,,,,,
1623,FAM127B,,,,,,,,,,,,,,,,
1624,FBXL19,,,,,,,,,,,,,,,,
1625,FEZ1,,,,,,,,,,,,,,,,
1626,FGF19,,,,,,,,,,,,,,,,
1627,FIP1L1,,,,,,,,,,,,,,,,
1628,FOXS1,,,,,,,,,,,,,,,,
1629,GADD45A,,,,,,,,,,,,,,,,
1630,GAR1,,,,,,,,,,,,,,,,
1631,GIT2,,,,,,,,,,,,,,,,
1632,GLYCTK,,,,,,,,,,,,,,,,
1633,GOT1,,,,,,,,,,,,,,,,
1634,GPAM,,,,,,,,,,,,,,,,
1635,GPANK1,,,,,,,,,,,,,,,,
1636,GPD1,,,,,,,,,,,,,,,,
1637,GRHL3,,,,,,,,,,,,,,,,
1638,GRHPR,,,,,,,,,,,,,,,,
1639,GTPBP1,,,,,,,,,,,,,,,,
1640,GTPBP6,,,,,,,,,,,,,,,,
1641,H1FX,,,,,,,,,,,,,,,,
1642,H2AFY,,,,,,,,,,,,,,,,
1643,H2AFZ,,,,,,,,,,,,,,,,
1644,HADHB,,,,,,,,,,,,,,,,
1645,HDAC3,,,,,,,,,,,,,,,,
1646,HES4,,,,,,,,,,,,,,,,
1647,HEYL,,,,,,,,,,,,,,,,
1648,HHAT,,,,,,,,,,,,,,,,
1649,HIRIP3,,,,,,,,,,,,,,,,
1650,HIST1H2BN,,,,,,,,,,,,,,,,
1651,HIST2H2AB,,,,,,,,,,,,,,,,
1652,HIST2H2BE,,,,,,,,,,,,,,,,
1653,HIVEP3,,,,,,,,,,,,,,,,
1654,HKR1,,,,,,,,,,,,,,,,
1655,HLCS,,,,,,,,,,,,,,,,
1656,HMGB1,,,,,,,,,,,,,,,,
1657,HMGB2,,,,,,,,,,,,,,,,
1658,HMGB3,,,,,,,,,,,,,,,,
1659,HMGB4,,,,,,,,,,,,,,,,
1660,HNRNPA0,,,,,,,,,,,,,,,,
1661,HNRNPA1,,,,,,,,,,,,,,,,
1662,HNRNPC,,,,,,,,,,,,,,,,
1663,HNRNPH3,,,,,,,,,,,,,,,,
1664,HNRNPLL,,,,,,,,,,,,,,,,
1665,HP1BP3,,,,,,,,,,,,,,,,
1666,HSPA1L,,,,,,,,,,,,,,,,
1667,HSPA5,,,,,,,,,,,,,,,,
1668,HUNK,,,,,,,,,,,,,,,,
1669,ID1,,,,,,,,,,,,,,,,
1670,IL24,,,,,,,,,,,,,,,,
1671,ING3,,,,,,,,,,,,,,,,
1672,IVD,,,,,,,,,,,,,,,,
1673,JAZF1,,,,,,,,,,,,,,,,
1674,JRK,,,,,,,,,,,,,,,,
1675,JRKL,,,,,,,,,,,,,,,,
1676,KCNIP1,,,,,,,,,,,,,,,,
1677,KDM2A,,,,,,,,,,,,,,,,
1678,KDM4A,,,,,,,,,,,,,,,,
1679,KDM4B,,,,,,,,,,,,,,,,
1680,KDM4C,,,,,,,,,,,,,,,,
1681,KDM4D,,,,,,,,,,,,,,,,
1682,KDM4E,,,,,,,,,,,,,,,,
1683,KDM5D,,,,,,,,,,,,,,,,
1684,KDM7A,,,,,,,,,,,,,,,,
1685,KIAA0907,,,,,,,,,,,,,,,,
1686,KIF22,,,,,,,,,,,,,,,,
1687,KLF18,,,,,,,,,,,,,,,,
1688,KLRG1,,,,,,,,,,,,,,,,
1689,LARP4,,,,,,,,,,,,,,,,
1690,LAS1L,,,,,,,,,,,,,,,,
1691,LIN28A,,,,,,,,,,,,,,,,
1692,LRRFIP1,,,,,,,,,,,,,,,,
1693,LSM6,,,,,,,,,,,,,,,,
1694,LUZP1,,,,,,,,,,,,,,,,
1695,LUZP2,,,,,,,,,,,,,,,,
1696,MAGEA8,,,,,,,,,,,,,,,,
1697,MAGOH,,,,,,,,,,,,,,,,
1698,MAP4K2,,,,,,,,,,,,,,,,
1699,MAPK1,,,,,,,,,,,,,,,,
1700,MCTP2,,,,,,,,,,,,,,,,
1701,MDM2,,,,,,,,,,,,,,,,
1702,MELK,,,,,,,,,,,,,,,,
1703,METTL21B,,,,,,,,,,,,,,,,
1704,MEX3C,,,,,,,,,,,,,,,,
1705,MIEF1,,,,,,,,,,,,,,,,
1706,MIOS,,,,,,,,,,,,,,,,
1707,MKX,,,,,,,,,,,,,,,,
1708,MORN1,,,,,,,,,,,,,,,,
1709,MRPL1,,,,,,,,,,,,,,,,
1710,MRPL2,,,,,,,,,,,,,,,,
1711,MRPS25,,,,,,,,,,,,,,,,
1712,MSI1,,,,,,,,,,,,,,,,
1713,MSI2,,,,,,,,,,,,,,,,
1714,MSRA,,,,,,,,,,,,,,,,
1715,MSRB3,,,,,,,,,,,,,,,,
1716,MTHFD1,,,,,,,,,,,,,,,,
1717,MYCL,,,,,,,,,,,,,,,,
1718,MYLK,,,,,,,,,,,,,,,,
1719,NAGS,,,,,,,,,,,,,,,,
1720,NANOS1,,,,,,,,,,,,,,,,
1721,NAP1L1,,,,,,,,,,,,,,,,
1722,NCBP2,,,,,,,,,,,,,,,,
1723,NCOR1,,,,,,,,,,,,,,,,
1724,NCOR2,,,,,,,,,,,,,,,,
1725,NELFA,,,,,,,,,,,,,,,,
1726,NEUROG3,,,,,,,,,,,,,,,,
1727,NMI,,,,,,,,,,,,,,,,
1728,NNT,,,,,,,,,,,,,,,,
1729,NOC2L,,,,,,,,,,,,,,,,
1730,NPDC1,,,,,,,,,,,,,,,,
1731,NUP107,,,,,,,,,,,,,,,,
1732,NUP133,,,,,,,,,,,,,,,,
1733,NXPH3,,,,,,,,,,,,,,,,
1734,ODC1,,,,,,,,,,,,,,,,
1735,P4HB,,,,,,,,,,,,,,,,
1736,PCK2,,,,,,,,,,,,,,,,
1737,PDE6H,,,,,,,,,,,,,,,,
1738,PDS5A,,,,,,,,,,,,,,,,
1739,PGAM2,,,,,,,,,,,,,,,,
1740,PHF12,,,,,,,,,,,,,,,,
1741,PHF2,,,,,,,,,,,,,,,,
1742,PHF8,,,,,,,,,,,,,,,,
1743,PHLDA2,,,,,,,,,,,,,,,,
1744,PICK1,,,,,,,,,,,,,,,,
1745,PIK3C3,,,,,,,,,,,,,,,,
1746,PKM,,,,,,,,,,,,,,,,
1747,PLG,,,,,,,,,,,,,,,,
1748,POLD2,,,,,,,,,,,,,,,,
1749,POLE3,,,,,,,,,,,,,,,,
1750,POLE4,,,,,,,,,,,,,,,,
1751,POLI,,,,,,,,,,,,,,,,
1752,POLR2A,,,,,,,,,,,,,,,,
1753,POLR3G,,,,,,,,,,,,,,,,
1754,PPARGC1A,,,,,,,,,,,,,,,,
1755,PPP1R10,,,,,,,,,,,,,,,,
1756,PPP2R3B,,,,,,,,,,,,,,,,
1757,PPP5C,,,,,,,,,,,,,,,,
1758,PRDX5,,,,,,,,,,,,,,,,
1759,PRKAA1,,,,,,,,,,,,,,,,
1760,PRKAA2,,,,,,,,,,,,,,,,
1761,PRNP,,,,,,,,,,,,,,,,
1762,PROX2,,,,,,,,,,,,,,,,
1763,PSMA6,,,,,,,,,,,,,,,,
1764,PSMC2,,,,,,,,,,,,,,,,
1765,PSMD12,,,,,,,,,,,,,,,,
1766,PTCD1,,,,,,,,,,,,,,,,
1767,PTPMT1,,,,,,,,,,,,,,,,
1768,PUM3,,,,,,,,,,,,,,,,
1769,R3HDM2,,,,,,,,,,,,,,,,
1770,RAB14,,,,,,,,,,,,,,,,
1771,RAB2A,,,,,,,,,,,,,,,,
1772,RAB7A,,,,,,,,,,,,,,,,
1773,RBBP9,,,,,,,,,,,,,,,,
1774,RBM17,,,,,,,,,,,,,,,,
1775,RBM22,,,,,,,,,,,,,,,,
1776,RBM3,,,,,,,,,,,,,,,,
1777,RBM42,,,,,,,,,,,,,,,,
1778,RBM7,,,,,,,,,,,,,,,,
1779,RBM8A,,,,,,,,,,,,,,,,
1780,RBMS1,,,,,,,,,,,,,,,,
1781,RFC2,,,,,,,,,,,,,,,,
1782,RFC3,,,,,,,,,,,,,,,,
1783,RFX8,,,,,,,,,,,,,,,,
1784,RIOK2,,,,,,,,,,,,,,,,
1785,RNASEH2C,,,,,,,,,,,,,,,,
1786,RNF138,,,,,,,,,,,,,,,,
1787,RPL35,,,,,,,,,,,,,,,,
1788,RPL6,,,,,,,,,,,,,,,,
1789,RPP25,,,,,,,,,,,,,,,,
1790,RPS10,,,,,,,,,,,,,,,,
1791,RPS4X,,,,,,,,,,,,,,,,
1792,RPS6KA5,,,,,,,,,,,,,,,,
1793,RUFY3,,,,,,,,,,,,,,,,
1794,RUVBL1,,,,,,,,,,,,,,,,
1795,SCAND1,,,,,,,,,,,,,,,,
1796,SCX,,,,,,,,,,,,,,,,
1797,SF3B1,,,,,,,,,,,,,,,,
1798,SFT2D1,,,,,,,,,,,,,,,,
1799,SIM1,,,,,,,,,,,,,,,,
1800,SIM2,,,,,,,,,,,,,,,,
1801,SLC18A1,,,,,,,,,,,,,,,,
1802,SMAP2,,,,,,,,,,,,,,,,
1803,SMPX,,,,,,,,,,,,,,,,
1804,SMUG1,,,,,,,,,,,,,,,,
1805,SNRNP70,,,,,,,,,,,,,,,,
1806,SNRPB2,,,,,,,,,,,,,,,,
1807,SOCS4,,,,,,,,,,,,,,,,
1808,SOD1,,,,,,,,,,,,,,,,
1809,SPAG7,,,,,,,,,,,,,,,,
1810,SPATS2,,,,,,,,,,,,,,,,
1811,SPR,,,,,,,,,,,,,,,,
1812,SRBD1,,,,,,,,,,,,,,,,
1813,SRP9,,,,,,,,,,,,,,,,
1814,SRRM3,,,,,,,,,,,,,,,,
1815,SSRP1,,,,,,,,,,,,,,,,
1816,STAU2,,,,,,,,,,,,,,,,
1817,STK40,,,,,,,,,,,,,,,,
1818,STUB1,,,,,,,,,,,,,,,,
1819,SUCLG1,,,,,,,,,,,,,,,,
1820,T,,,,,,,,,,,,,,,,
1821,TAF7,,,,,,,,,,,,,,,,
1822,TAGLN2,,,,,,,,,,,,,,,,
1823,TCEAL6,,,,,,,,,,,,,,,,
1824,TCF23,,,,,,,,,,,,,,,,
1825,TCF24,,,,,,,,,,,,,,,,
1826,TFDP3,,,,,,,,,,,,,,,,
1827,TFF3,,,,,,,,,,,,,,,,
1828,THOC2,,,,,,,,,,,,,,,,
1829,TIA1,,,,,,,,,,,,,,,,
1830,TIGD2,,,,,,,,,,,,,,,,
1831,TIGD3,,,,,,,,,,,,,,,,
1832,TIGD4,,,,,,,,,,,,,,,,
1833,TIGD5,,,,,,,,,,,,,,,,
1834,TIGD6,,,,,,,,,,,,,,,,
1835,TIGD7,,,,,,,,,,,,,,,,
1836,TIMM44,,,,,,,,,,,,,,,,
1837,TIMM8A,,,,,,,,,,,,,,,,
1838,TMSB4XP8,,,,,,,,,,,,,,,,
1839,TOB2,,,,,,,,,,,,,,,,
1840,TPI1,,,,,,,,,,,,,,,,
1841,TPPP,,,,,,,,,,,,,,,,
1842,TRIB1,,,,,,,,,,,,,,,,
1843,TRIB2,,,,,,,,,,,,,,,,
1844,TRIB3,,,,,,,,,,,,,,,,
1845,TRIM21,,,,,,,,,,,,,,,,
1846,TRIM69,,,,,,,,,,,,,,,,
1847,TRIP10,,,,,,,,,,,,,,,,
1848,TRMO,,,,,,,,,,,,,,,,
1849,TROVE2,,,,,,,,,,,,,,,,
1850,TSN,,,,,,,,,,,,,,,,
1851,U2AF1,,,,,,,,,,,,,,,,
1852,UBB,,,,,,,,,,,,,,,,
1853,UBE2V1,,,,,,,,,,,,,,,,
1854,UBTF,,,,,,,,,,,,,,,,
1855,UBXN1,,,,,,,,,,,,,,,,
1856,UGP2,,,,,,,,,,,,,,,,
1857,UQCRB,,,,,,,,,,,,,,,,
1858,USP39,,,,,,,,,,,,,,,,
1859,UTP18,,,,,,,,,,,,,,,,
1860,VAMP3,,,,,,,,,,,,,,,,
1861,WDR83,,,,,,,,,,,,,,,,
1862,WISP2,,,,,,,,,,,,,,,,
1863,XG,,,,,,,,,,,,,,,,
1864,XRCC1,,,,,,,,,,,,,,,,
1865,YWHAE,,,,,,,,,,,,,,,,
1866,YWHAZ,,,,,,,,,,,,,,,,
1867,ZC3H7A,,,,,,,,,,,,,,,,
1868,ZCCHC14,,,,,,,,,,,,,,,,
1869,ZCCHC17,,,,,,,,,,,,,,,,
1870,ZDHHC15,,,,,,,,,,,,,,,,
1871,ZDHHC24,,,,,,,,,,,,,,,,
1872,ZDHHC5,,,,,,,,,,,,,,,,
1873,ZHX2,,,,,,,,,,,,,,,,
1874,ZMAT2,,,,,,,,,,,,,,,,
1875,ZMAT4,,,,,,,,,,,,,,,,
1876,ZNF286B,,,,,,,,,,,,,,,,
1877,ZNF355P,,,,,,,,,,,,,,,,
1878,ZNF542P,,,,,,,,,,,,,,,,
1879,ZNF598,,,,,,,,,,,,,,,,
1880,ZNF658B,,,,,,,,,,,,,,,,
1881,ZNF702P,,,,,,,,,,,,,,,,
1882,ZNF705CP,,,,,,,,,,,,,,,,
1883,ZNF717,,,,,,,,,,,,,,,,
1884,ZNF720,,,,,,,,,,,,,,,,
1885,ZNF788,,,,,,,,,,,,,,,,
1886,ZNF806,,,,,,,,,,,,,,,,
1887,ZNF826P,,,,,,,,,,,,,,,,
1888,ZNF827,,,,,,,,,,,,,,,,
1889,ZNF831,,,,,,,,,,,,,,,,
1890,ZRSR2,,,,,,,,,,,,,,,,
1891,ZSWIM1,,,,,,,,,,,,,,,,
