GeneA_ID,GeneA_Name,GeneB_ID,GeneB_Name,ConfidenceScore,Source
ENSG00000116132.12,PRRX1,ENSG00000188290.11,HES4,184,STRING
ENSG00000116132.12,PRRX1,ENSG00000173662.21,TAS1R1,203,STRING
ENSG00000116132.12,PRRX1,ENSG00000130940.15,CASZ1,158,STRING
ENSG00000116132.12,PRRX1,ENSG00000198793.14,MTOR,158,STRING
ENSG00000116132.12,PRRX1,ENSG00000142627.13,EPHA2,158,STRING
ENSG00000116132.12,PRRX1,ENSG00000162551.14,ALPL,240,STRING
ENSG00000116132.12,PRRX1,ENSG00000162552.15,WNT4,153,STRING
ENSG00000116132.12,PRRX1,ENSG00000131914.11,LIN28A,165,STRING
ENSG00000116132.12,PRRX1,ENSG00000084636.18,COL16A1,358,STRING
ENSG00000116132.12,PRRX1,ENSG00000116478.13,HDAC1,169,STRING
ENSG00000116132.12,PRRX1,ENSG00000163866.9,SMIM12,310,STRING
ENSG00000116132.12,PRRX1,ENSG00000185668.8,POU3F1,207,STRING
ENSG00000116132.12,PRRX1,ENSG00000162367.12,TAL1,325,STRING
ENSG00000116132.12,PRRX1,ENSG00000187140.6,FOXD3,264,STRING
ENSG00000116132.12,PRRX1,ENSG00000116678.20,LEPR,354,STRING
ENSG00000116132.12,PRRX1,ENSG00000116729.14,WLS,150,STRING
ENSG00000116132.12,PRRX1,ENSG00000122420.10,PTGFR,183,STRING
ENSG00000116132.12,PRRX1,ENSG00000069702.11,TGFBR3,183,STRING
ENSG00000116132.12,PRRX1,ENSG00000117600.14,PLPPR4,233,STRING
ENSG00000116132.12,PRRX1,ENSG00000162692.12,VCAM1,247,STRING
ENSG00000116132.12,PRRX1,ENSG00000060718.22,COL11A1,281,STRING
ENSG00000116132.12,PRRX1,ENSG00000162631.20,NTNG1,207,STRING
ENSG00000116132.12,PRRX1,ENSG00000156150.9,ALX3,288,STRING
ENSG00000116132.12,PRRX1,ENSG00000171385.11,KCND3,155,STRING
ENSG00000116132.12,PRRX1,ENSG00000134245.18,WNT2B,171,STRING
ENSG00000116132.12,PRRX1,ENSG00000134200.4,TSHB,162,STRING
ENSG00000116132.12,PRRX1,ENSG00000143067.5,ZNF697,168,STRING
ENSG00000116132.12,PRRX1,ENSG00000134250.21,NOTCH2,197,STRING
ENSG00000116132.12,PRRX1,ENSG00000273213.4,H3-7,169,STRING
ENSG00000116132.12,PRRX1,ENSG00000143387.14,CTSK,385,STRING
ENSG00000116132.12,PRRX1,ENSG00000213190.4,MLLT11,201,STRING
ENSG00000116132.12,PRRX1,ENSG00000169242.12,EFNA1,160,STRING
ENSG00000116132.12,PRRX1,ENSG00000116604.19,MEF2D,152,STRING
ENSG00000116132.12,PRRX1,ENSG00000132688.11,NES,359,STRING
ENSG00000116132.12,PRRX1,ENSG00000143321.19,HDGF,233,STRING
ENSG00000116132.12,PRRX1,ENSG00000162745.11,OLFML2B,260,STRING
ENSG00000116132.12,PRRX1,ENSG00000162733.19,DDR2,552,STRING
ENSG00000116132.12,PRRX1,ENSG00000143196.5,DPT,185,STRING
ENSG00000116132.12,PRRX1,ENSG00000203740.4,NTMT2,225,STRING
ENSG00000116132.12,PRRX1,ENSG00000120332.17,TNN,185,STRING
ENSG00000116132.12,PRRX1,ENSG00000143341.12,HMCN1,191,STRING
ENSG00000116132.12,PRRX1,ENSG00000073756.13,PTGS2,151,STRING
ENSG00000116132.12,PRRX1,ENSG00000177888.8,ZBTB41,169,STRING
ENSG00000116132.12,PRRX1,ENSG00000081237.22,PTPRC,243,STRING
ENSG00000116132.12,PRRX1,ENSG00000162702.8,ZNF281,212,STRING
ENSG00000116132.12,PRRX1,ENSG00000163431.14,LMOD1,151,STRING
ENSG00000116132.12,PRRX1,ENSG00000143847.16,PPFIA4,160,STRING
ENSG00000116132.12,PRRX1,ENSG00000122176.12,FMOD,284,STRING
ENSG00000116132.12,PRRX1,ENSG00000117707.17,PROX1,180,STRING
ENSG00000116132.12,PRRX1,ENSG00000117724.15,CENPF,151,STRING
ENSG00000116132.12,PRRX1,ENSG00000092969.12,TGFB2,257,STRING
ENSG00000116132.12,PRRX1,ENSG00000243709.1,LEFTY1,170,STRING
ENSG00000116132.12,PRRX1,ENSG00000143768.13,LEFTY2,182,STRING
ENSG00000116132.12,PRRX1,ENSG00000185155.12,MIXL1,164,STRING
ENSG00000116132.12,PRRX1,ENSG00000154342.6,WNT3A,193,STRING
ENSG00000116132.12,PRRX1,ENSG00000143632.15,ACTA1,184,STRING
ENSG00000116132.12,PRRX1,ENSG00000116962.15,NID1,179,STRING
ENSG00000116132.12,PRRX1,ENSG00000180875.5,GREM2,187,STRING
ENSG00000116132.12,PRRX1,ENSG00000279301.5,OR2T11,184,STRING
ENSG00000116132.12,PRRX1,ENSG00000130508.11,PXDN,235,STRING
ENSG00000116132.12,PRRX1,ENSG00000176887.7,SOX11,203,STRING
ENSG00000116132.12,PRRX1,ENSG00000134323.13,MYCN,203,STRING
ENSG00000116132.12,PRRX1,ENSG00000143867.7,OSR1,579,STRING
ENSG00000116132.12,PRRX1,ENSG00000171094.18,ALK,161,STRING
ENSG00000116132.12,PRRX1,ENSG00000049323.16,LTBP1,237,STRING
ENSG00000116132.12,PRRX1,ENSG00000119888.11,EPCAM,271,STRING
ENSG00000116132.12,PRRX1,ENSG00000115902.11,SLC1A4,156,STRING
ENSG00000116132.12,PRRX1,ENSG00000143995.20,MEIS1,353,STRING
ENSG00000116132.12,PRRX1,ENSG00000169604.21,ANTXR1,296,STRING
ENSG00000116132.12,PRRX1,ENSG00000163017.14,ACTG2,171,STRING
ENSG00000116132.12,PRRX1,ENSG00000115318.12,LOXL3,172,STRING
ENSG00000116132.12,PRRX1,ENSG00000152284.5,TCF7L1,157,STRING
ENSG00000116132.12,PRRX1,ENSG00000168874.14,ATOH8,348,STRING
ENSG00000116132.12,PRRX1,ENSG00000198914.5,POU3F3,174,STRING
ENSG00000116132.12,PRRX1,ENSG00000172985.11,SH3RF3,178,STRING
ENSG00000116132.12,PRRX1,ENSG00000163064.7,EN1,213,STRING
ENSG00000116132.12,PRRX1,ENSG00000163083.6,INHBB,180,STRING
ENSG00000116132.12,PRRX1,ENSG00000074047.22,GLI2,281,STRING
ENSG00000116132.12,PRRX1,ENSG00000196604.13,POTEF,219,STRING
ENSG00000116132.12,PRRX1,ENSG00000121966.8,CXCR4,209,STRING
ENSG00000116132.12,PRRX1,ENSG00000169554.23,ZEB2,465,STRING
ENSG00000116132.12,PRRX1,ENSG00000123610.5,TNFAIP6,233,STRING
ENSG00000116132.12,PRRX1,ENSG00000123612.16,ACVR1C,150,STRING
ENSG00000116132.12,PRRX1,ENSG00000115170.16,ACVR1,311,STRING
ENSG00000116132.12,PRRX1,ENSG00000144290.17,SLC4A10,332,STRING
ENSG00000116132.12,PRRX1,ENSG00000078098.15,FAP,356,STRING
ENSG00000116132.12,PRRX1,ENSG00000128714.6,HOXD13,683,STRING
ENSG00000116132.12,PRRX1,ENSG00000128713.14,HOXD11,637,STRING
ENSG00000116132.12,PRRX1,ENSG00000128709.13,HOXD9,259,STRING
ENSG00000116132.12,PRRX1,ENSG00000128645.15,HOXD1,215,STRING
ENSG00000116132.12,PRRX1,ENSG00000155657.29,TTN,174,STRING
ENSG00000116132.12,PRRX1,ENSG00000138448.13,ITGAV,301,STRING
ENSG00000116132.12,PRRX1,ENSG00000204262.14,COL5A2,360,STRING
ENSG00000116132.12,PRRX1,ENSG00000138395.17,CDK15,204,STRING
ENSG00000116132.12,PRRX1,ENSG00000204217.16,BMPR2,365,STRING
ENSG00000116132.12,PRRX1,ENSG00000118263.16,KLF7,183,STRING
ENSG00000116132.12,PRRX1,ENSG00000115596.4,WNT6,184,STRING
ENSG00000116132.12,PRRX1,ENSG00000163497.3,FEV,161,STRING
ENSG00000116132.12,PRRX1,ENSG00000163501.7,IHH,316,STRING
ENSG00000116132.12,PRRX1,ENSG00000116106.12,EPHA4,151,STRING
ENSG00000116132.12,PRRX1,ENSG00000132321.17,IQCA1,158,STRING
ENSG00000116132.12,PRRX1,ENSG00000144476.6,ACKR3,167,STRING
ENSG00000116132.12,PRRX1,ENSG00000163359.17,COL6A3,369,STRING
ENSG00000116132.12,PRRX1,ENSG00000163513.20,TGFBR2,221,STRING
ENSG00000116132.12,PRRX1,ENSG00000185313.9,SCN10A,214,STRING
ENSG00000116132.12,PRRX1,ENSG00000168036.19,CTNNB1,373,STRING
ENSG00000116132.12,PRRX1,ENSG00000180432.6,CYP8B1,161,STRING
ENSG00000116132.12,PRRX1,ENSG00000163815.6,CLEC3B,201,STRING
ENSG00000116132.12,PRRX1,ENSG00000160808.13,MYL3,154,STRING
ENSG00000116132.12,PRRX1,ENSG00000181555.22,SETD2,203,STRING
ENSG00000116132.12,PRRX1,ENSG00000272573.6,MUSTN1,171,STRING
ENSG00000116132.12,PRRX1,ENSG00000114251.15,WNT5A,330,STRING
ENSG00000116132.12,PRRX1,ENSG00000163637.13,PRICKLE2,170,STRING
ENSG00000116132.12,PRRX1,ENSG00000187098.18,MITF,176,STRING
ENSG00000116132.12,PRRX1,ENSG00000121440.15,PDZRN3,206,STRING
ENSG00000116132.12,PRRX1,ENSG00000154175.19,ABI3BP,156,STRING
ENSG00000116132.12,PRRX1,ENSG00000170017.12,ALCAM,162,STRING
ENSG00000116132.12,PRRX1,ENSG00000091972.19,CD200,172,STRING
ENSG00000116132.12,PRRX1,ENSG00000091986.16,CCDC80,214,STRING
ENSG00000116132.12,PRRX1,ENSG00000082701.17,GSK3B,182,STRING
ENSG00000116132.12,PRRX1,ENSG00000114547.10,ROPN1B,172,STRING
ENSG00000116132.12,PRRX1,ENSG00000174640.15,SLCO2A1,159,STRING
ENSG00000116132.12,PRRX1,ENSG00000175054.16,ATR,158,STRING
ENSG00000116132.12,PRRX1,ENSG00000163710.9,PCOLCE2,199,STRING
ENSG00000116132.12,PRRX1,ENSG00000152952.14,PLOD2,195,STRING
ENSG00000116132.12,PRRX1,ENSG00000071794.16,HLTF,190,STRING
ENSG00000116132.12,PRRX1,ENSG00000169908.12,TM4SF1,163,STRING
ENSG00000116132.12,PRRX1,ENSG00000114757.19,PEX5L,194,STRING
ENSG00000116132.12,PRRX1,ENSG00000172061.9,LRRC15,269,STRING
ENSG00000116132.12,PRRX1,ENSG00000068078.20,FGFR3,172,STRING
ENSG00000116132.12,PRRX1,ENSG00000007062.12,PROM1,244,STRING
ENSG00000116132.12,PRRX1,ENSG00000145147.20,SLIT2,208,STRING
ENSG00000116132.12,PRRX1,ENSG00000282278.1,,161,STRING
ENSG00000116132.12,PRRX1,ENSG00000157404.17,KIT,250,STRING
ENSG00000116132.12,PRRX1,ENSG00000128052.10,KDR,235,STRING
ENSG00000116132.12,PRRX1,ENSG00000163453.11,IGFBP7,181,STRING
ENSG00000116132.12,PRRX1,ENSG00000163631.19,ALB,182,STRING
ENSG00000116132.12,PRRX1,ENSG00000138771.16,SHROOM3,318,STRING
ENSG00000116132.12,PRRX1,ENSG00000138675.17,FGF5,235,STRING
ENSG00000116132.12,PRRX1,ENSG00000152785.8,BMP3,164,STRING
ENSG00000116132.12,PRRX1,ENSG00000152583.13,SPARCL1,176,STRING
ENSG00000116132.12,PRRX1,ENSG00000152592.15,DMP1,189,STRING
ENSG00000116132.12,PRRX1,ENSG00000118777.12,ABCG2,181,STRING
ENSG00000116132.12,PRRX1,ENSG00000138696.11,BMPR1B,217,STRING
ENSG00000116132.12,PRRX1,ENSG00000182168.16,UNC5C,227,STRING
ENSG00000116132.12,PRRX1,ENSG00000109320.14,NFKB1,157,STRING
ENSG00000116132.12,PRRX1,ENSG00000138795.10,LEF1,286,STRING
ENSG00000116132.12,PRRX1,ENSG00000173376.14,NDNF,200,STRING
ENSG00000116132.12,PRRX1,ENSG00000138685.18,FGF2,273,STRING
ENSG00000116132.12,PRRX1,ENSG00000196159.14,FAT4,174,STRING
ENSG00000116132.12,PRRX1,ENSG00000151617.17,EDNRA,322,STRING
ENSG00000116132.12,PRRX1,ENSG00000145423.5,SFRP2,388,STRING
ENSG00000116132.12,PRRX1,ENSG00000145431.11,PDGFC,195,STRING
ENSG00000116132.12,PRRX1,ENSG00000170549.4,IRX1,318,STRING
ENSG00000116132.12,PRRX1,ENSG00000164190.19,NIPBL,257,STRING
ENSG00000116132.12,PRRX1,ENSG00000153071.15,DAB2,198,STRING
ENSG00000116132.12,PRRX1,ENSG00000134057.15,CCNB1,168,STRING
ENSG00000116132.12,PRRX1,ENSG00000131711.15,MAP1B,151,STRING
ENSG00000116132.12,PRRX1,ENSG00000251493.5,FOXD1,438,STRING
ENSG00000116132.12,PRRX1,ENSG00000164338.10,UTP15,300,STRING
ENSG00000116132.12,PRRX1,ENSG00000113296.14,THBS4,180,STRING
ENSG00000116132.12,PRRX1,ENSG00000145681.11,HAPLN1,160,STRING
ENSG00000116132.12,PRRX1,ENSG00000175745.15,NR2F1,290,STRING
ENSG00000116132.12,PRRX1,ENSG00000175471.20,MCTP1,153,STRING
ENSG00000116132.12,PRRX1,ENSG00000113083.15,LOX,501,STRING
ENSG00000116132.12,PRRX1,ENSG00000138829.14,FBN2,298,STRING
ENSG00000116132.12,PRRX1,ENSG00000081059.20,TCF7,166,STRING
ENSG00000116132.12,PRRX1,ENSG00000061492.12,WNT8A,301,STRING
ENSG00000116132.12,PRRX1,ENSG00000120738.8,EGR1,207,STRING
ENSG00000116132.12,PRRX1,ENSG00000249751.4,ECSCR,193,STRING
ENSG00000116132.12,PRRX1,ENSG00000113070.8,HBEGF,182,STRING
ENSG00000116132.12,PRRX1,ENSG00000113212.7,PCDHB7,170,STRING
ENSG00000116132.12,PRRX1,ENSG00000182578.14,CSF1R,175,STRING
ENSG00000116132.12,PRRX1,ENSG00000113140.11,SPARC,251,STRING
ENSG00000116132.12,PRRX1,ENSG00000170624.14,SGCD,324,STRING
ENSG00000116132.12,PRRX1,ENSG00000184347.16,SLIT3,177,STRING
ENSG00000116132.12,PRRX1,ENSG00000156427.8,FGF18,314,STRING
ENSG00000116132.12,PRRX1,ENSG00000037280.16,FLT4,154,STRING
ENSG00000116132.12,PRRX1,ENSG00000137273.6,FOXF2,352,STRING
ENSG00000116132.12,PRRX1,ENSG00000054598.9,FOXC1,365,STRING
ENSG00000116132.12,PRRX1,ENSG00000111837.12,MAK,321,STRING
ENSG00000116132.12,PRRX1,ENSG00000124766.7,SOX4,330,STRING
ENSG00000116132.12,PRRX1,ENSG00000204531.21,POU5F1,338,STRING
ENSG00000116132.12,PRRX1,ENSG00000204228.4,HSD17B8,167,STRING
ENSG00000116132.12,PRRX1,ENSG00000112658.8,SRF,578,STRING
ENSG00000116132.12,PRRX1,ENSG00000124813.23,RUNX2,377,STRING
ENSG00000116132.12,PRRX1,ENSG00000008196.13,TFAP2B,309,STRING
ENSG00000116132.12,PRRX1,ENSG00000112144.16,CILK1,321,STRING
ENSG00000116132.12,PRRX1,ENSG00000151917.18,BEND6,159,STRING
ENSG00000116132.12,PRRX1,ENSG00000111799.22,COL12A1,318,STRING
ENSG00000116132.12,PRRX1,ENSG00000146250.7,PRSS35,201,STRING
ENSG00000116132.12,PRRX1,ENSG00000184486.10,POU3F2,231,STRING
ENSG00000116132.12,PRRX1,ENSG00000057657.17,PRDM1,208,STRING
ENSG00000116132.12,PRRX1,ENSG00000272398.6,CD24,234,STRING
ENSG00000116132.12,PRRX1,ENSG00000112333.12,NR2E1,281,STRING
ENSG00000116132.12,PRRX1,ENSG00000118689.15,FOXO3,181,STRING
ENSG00000116132.12,PRRX1,ENSG00000146374.14,RSPO3,197,STRING
ENSG00000116132.12,PRRX1,ENSG00000196569.14,LAMA2,190,STRING
ENSG00000116132.12,PRRX1,ENSG00000118523.6,CCN2,256,STRING
ENSG00000116132.12,PRRX1,ENSG00000112319.21,EYA4,187,STRING
ENSG00000116132.12,PRRX1,ENSG00000091831.25,ESR1,196,STRING
ENSG00000116132.12,PRRX1,ENSG00000164458.10,TBXT,234,STRING
ENSG00000116132.12,PRRX1,ENSG00000186340.17,THBS2,425,STRING
ENSG00000116132.12,PRRX1,ENSG00000198719.9,DLL1,193,STRING
ENSG00000116132.12,PRRX1,ENSG00000122687.19,MRM2,317,STRING
ENSG00000116132.12,PRRX1,ENSG00000106003.14,LFNG,169,STRING
ENSG00000116132.12,PRRX1,ENSG00000164916.11,FOXK1,181,STRING
ENSG00000116132.12,PRRX1,ENSG00000215018.10,COL28A1,212,STRING
ENSG00000116132.12,PRRX1,ENSG00000006468.15,ETV1,251,STRING
ENSG00000116132.12,PRRX1,ENSG00000122691.13,TWIST1,794,STRING
ENSG00000116132.12,PRRX1,ENSG00000136244.12,IL6,204,STRING
ENSG00000116132.12,PRRX1,ENSG00000105996.7,HOXA2,168,STRING
ENSG00000116132.12,PRRX1,ENSG00000106006.6,HOXA6,222,STRING
ENSG00000116132.12,PRRX1,ENSG00000005073.6,HOXA11,190,STRING
ENSG00000116132.12,PRRX1,ENSG00000106031.9,HOXA13,374,STRING
ENSG00000116132.12,PRRX1,ENSG00000153814.13,JAZF1,205,STRING
ENSG00000116132.12,PRRX1,ENSG00000255690.3,TRIL,152,STRING
ENSG00000116132.12,PRRX1,ENSG00000122642.11,FKBP9,251,STRING
ENSG00000116132.12,PRRX1,ENSG00000164532.11,TBX20,308,STRING
ENSG00000116132.12,PRRX1,ENSG00000122641.11,INHBA,271,STRING
ENSG00000116132.12,PRRX1,ENSG00000106571.15,GLI3,323,STRING
ENSG00000116132.12,PRRX1,ENSG00000106624.11,AEBP1,390,STRING
ENSG00000116132.12,PRRX1,ENSG00000146674.16,IGFBP3,192,STRING
ENSG00000116132.12,PRRX1,ENSG00000146648.21,EGFR,266,STRING
ENSG00000116132.12,PRRX1,ENSG00000152926.17,ZNF117,152,STRING
ENSG00000116132.12,PRRX1,ENSG00000058091.17,CDK14,165,STRING
ENSG00000116132.12,PRRX1,ENSG00000157240.4,FZD1,334,STRING
ENSG00000116132.12,PRRX1,ENSG00000105880.7,DLX5,169,STRING
ENSG00000116132.12,PRRX1,ENSG00000106333.13,PCOLCE,366,STRING
ENSG00000116132.12,PRRX1,ENSG00000146839.19,ZAN,160,STRING
ENSG00000116132.12,PRRX1,ENSG00000128606.13,LRRC17,169,STRING
ENSG00000116132.12,PRRX1,ENSG00000105974.13,CAV1,355,STRING
ENSG00000116132.12,PRRX1,ENSG00000105976.16,MET,156,STRING
ENSG00000116132.12,PRRX1,ENSG00000105989.10,WNT2,243,STRING
ENSG00000116132.12,PRRX1,ENSG00000128602.11,SMO,206,STRING
ENSG00000116132.12,PRRX1,ENSG00000122786.20,CALD1,192,STRING
ENSG00000116132.12,PRRX1,ENSG00000189320.9,FAM180A,231,STRING
ENSG00000116132.12,PRRX1,ENSG00000278685.4,IQCA1L,151,STRING
ENSG00000116132.12,PRRX1,ENSG00000082014.17,SMARCD3,184,STRING
ENSG00000116132.12,PRRX1,ENSG00000164690.8,SHH,341,STRING
ENSG00000116132.12,PRRX1,ENSG00000136574.19,GATA4,308,STRING
ENSG00000116132.12,PRRX1,ENSG00000078579.9,FGF20,225,STRING
ENSG00000116132.12,PRRX1,ENSG00000104213.13,PDGFRL,331,STRING
ENSG00000116132.12,PRRX1,ENSG00000168546.11,GFRA2,169,STRING
ENSG00000116132.12,PRRX1,ENSG00000158815.11,FGF17,222,STRING
ENSG00000116132.12,PRRX1,ENSG00000179388.9,EGR3,189,STRING
ENSG00000116132.12,PRRX1,ENSG00000134013.16,LOXL2,265,STRING
ENSG00000116132.12,PRRX1,ENSG00000156687.11,UNC5D,163,STRING
ENSG00000116132.12,PRRX1,ENSG00000077782.23,FGFR1,250,STRING
ENSG00000116132.12,PRRX1,ENSG00000083168.11,KAT6A,441,STRING
ENSG00000116132.12,PRRX1,ENSG00000034239.11,CLXN,167,STRING
ENSG00000116132.12,PRRX1,ENSG00000147485.13,PXDNL,166,STRING
ENSG00000116132.12,PRRX1,ENSG00000164736.6,SOX17,262,STRING
ENSG00000116132.12,PRRX1,ENSG00000137573.14,SULF1,263,STRING
ENSG00000116132.12,PRRX1,ENSG00000091656.19,ZFHX4,235,STRING
ENSG00000116132.12,PRRX1,ENSG00000170323.9,FABP4,192,STRING
ENSG00000116132.12,PRRX1,ENSG00000079112.10,CDH17,263,STRING
ENSG00000116132.12,PRRX1,ENSG00000156466.11,GDF6,171,STRING
ENSG00000116132.12,PRRX1,ENSG00000164932.13,CTHRC1,286,STRING
ENSG00000116132.12,PRRX1,ENSG00000154188.10,ANGPT1,201,STRING
ENSG00000116132.12,PRRX1,ENSG00000104447.13,TRPS1,244,STRING
ENSG00000116132.12,PRRX1,ENSG00000164761.9,TNFRSF11B,240,STRING
ENSG00000116132.12,PRRX1,ENSG00000136960.13,ENPP2,154,STRING
ENSG00000116132.12,PRRX1,ENSG00000187955.13,COL14A1,294,STRING
ENSG00000116132.12,PRRX1,ENSG00000170961.7,HAS2,229,STRING
ENSG00000116132.12,PRRX1,ENSG00000165156.15,ZHX1,173,STRING
ENSG00000116132.12,PRRX1,ENSG00000169436.18,COL22A1,151,STRING
ENSG00000116132.12,PRRX1,ENSG00000096968.14,JAK2,188,STRING
ENSG00000116132.12,PRRX1,ENSG00000107186.17,MPDZ,159,STRING
ENSG00000116132.12,PRRX1,ENSG00000164985.15,PSIP1,583,STRING
ENSG00000116132.12,PRRX1,ENSG00000178031.18,ADAMTSL1,157,STRING
ENSG00000116132.12,PRRX1,ENSG00000147889.18,CDKN2A,179,STRING
ENSG00000116132.12,PRRX1,ENSG00000120156.22,TEK,233,STRING
ENSG00000116132.12,PRRX1,ENSG00000174038.13,SPATA31G1,278,STRING
ENSG00000116132.12,PRRX1,ENSG00000196196.3,HRCT1,210,STRING
ENSG00000116132.12,PRRX1,ENSG00000119138.5,KLF9,173,STRING
ENSG00000116132.12,PRRX1,ENSG00000107372.13,ZFAND5,176,STRING
ENSG00000116132.12,PRRX1,ENSG00000180447.7,GAS1,282,STRING
ENSG00000116132.12,PRRX1,ENSG00000106809.11,OGN,199,STRING
ENSG00000116132.12,PRRX1,ENSG00000127083.8,OMD,200,STRING
ENSG00000116132.12,PRRX1,ENSG00000106819.13,ASPN,338,STRING
ENSG00000116132.12,PRRX1,ENSG00000106823.13,ECM2,151,STRING
ENSG00000116132.12,PRRX1,ENSG00000131668.14,BARX1,264,STRING
ENSG00000116132.12,PRRX1,ENSG00000148120.19,AOPEP,483,STRING
ENSG00000116132.12,PRRX1,ENSG00000204291.12,COL15A1,187,STRING
ENSG00000116132.12,PRRX1,ENSG00000106799.15,TGFBR1,292,STRING
ENSG00000116132.12,PRRX1,ENSG00000023318.9,ERP44,150,STRING
ENSG00000116132.12,PRRX1,ENSG00000165124.19,SVEP1,176,STRING
ENSG00000116132.12,PRRX1,ENSG00000198121.15,LPAR1,178,STRING
ENSG00000116132.12,PRRX1,ENSG00000196739.15,COL27A1,150,STRING
ENSG00000116132.12,PRRX1,ENSG00000041982.17,TNC,226,STRING
ENSG00000116132.12,PRRX1,ENSG00000136859.10,ANGPTL2,266,STRING
ENSG00000116132.12,PRRX1,ENSG00000106991.15,ENG,236,STRING
ENSG00000116132.12,PRRX1,ENSG00000167157.11,PRRX2,227,STRING
ENSG00000116132.12,PRRX1,ENSG00000126883.19,NUP214,377,STRING
ENSG00000116132.12,PRRX1,ENSG00000186350.12,RXRA,166,STRING
ENSG00000116132.12,PRRX1,ENSG00000130635.17,COL5A1,367,STRING
ENSG00000116132.12,PRRX1,ENSG00000148400.13,NOTCH1,234,STRING
ENSG00000116132.12,PRRX1,ENSG00000269897.5,COMMD3-BMI1,192,STRING
ENSG00000116132.12,PRRX1,ENSG00000168267.7,PTF1A,230,STRING
ENSG00000116132.12,PRRX1,ENSG00000150051.14,MKX,219,STRING
ENSG00000116132.12,PRRX1,ENSG00000150093.20,ITGB1,184,STRING
ENSG00000116132.12,PRRX1,ENSG00000177283.8,FZD8,154,STRING
ENSG00000116132.12,PRRX1,ENSG00000107562.18,CXCL12,397,STRING
ENSG00000116132.12,PRRX1,ENSG00000274209.7,ANTXRL,153,STRING
ENSG00000116132.12,PRRX1,ENSG00000266524.3,GDF10,219,STRING
ENSG00000116132.12,PRRX1,ENSG00000150347.17,ARID5B,323,STRING
ENSG00000116132.12,PRRX1,ENSG00000138347.17,MYPN,158,STRING
ENSG00000116132.12,PRRX1,ENSG00000197467.17,COL13A1,151,STRING
ENSG00000116132.12,PRRX1,ENSG00000107779.16,BMPR1A,218,STRING
ENSG00000116132.12,PRRX1,ENSG00000171862.16,PTEN,195,STRING
ENSG00000116132.12,PRRX1,ENSG00000107796.14,ACTA2,397,STRING
ENSG00000116132.12,PRRX1,ENSG00000165841.11,CYP2C19,186,STRING
ENSG00000116132.12,PRRX1,ENSG00000119919.12,NKX2-3,179,STRING
ENSG00000116132.12,PRRX1,ENSG00000075891.24,PAX2,186,STRING
ENSG00000116132.12,PRRX1,ENSG00000107815.10,TWNK,163,STRING
ENSG00000116132.12,PRRX1,ENSG00000107807.13,TLX1,191,STRING
ENSG00000116132.12,PRRX1,ENSG00000107831.14,FGF8,550,STRING
ENSG00000116132.12,PRRX1,ENSG00000107954.11,NEURL1,368,STRING
ENSG00000116132.12,PRRX1,ENSG00000107957.17,SH3PXD2A,219,STRING
ENSG00000116132.12,PRRX1,ENSG00000148700.15,ADD3,497,STRING
ENSG00000116132.12,PRRX1,ENSG00000170370.12,EMX2,156,STRING
ENSG00000116132.12,PRRX1,ENSG00000066468.24,FGFR2,199,STRING
ENSG00000116132.12,PRRX1,ENSG00000183734.5,ASCL2,197,STRING
ENSG00000116132.12,PRRX1,ENSG00000053918.20,KCNQ1,208,STRING
ENSG00000116132.12,PRRX1,ENSG00000110713.18,NUP98,842,STRING
ENSG00000116132.12,PRRX1,ENSG00000166341.9,DCHS1,188,STRING
ENSG00000116132.12,PRRX1,ENSG00000110693.19,SOX6,243,STRING
ENSG00000116132.12,PRRX1,ENSG00000166788.10,SAAL1,1000,HuRI
ENSG00000116132.12,PRRX1,ENSG00000176971.4,FIBIN,225,STRING
ENSG00000116132.12,PRRX1,ENSG00000131808.11,FSHB,161,STRING
ENSG00000116132.12,PRRX1,ENSG00000285283.1,,165,STRING
ENSG00000116132.12,PRRX1,ENSG00000026508.21,CD44,307,STRING
ENSG00000116132.12,PRRX1,ENSG00000255223.5,OR5M11,200,STRING
ENSG00000116132.12,PRRX1,ENSG00000168056.18,LTBP3,204,STRING
ENSG00000116132.12,PRRX1,ENSG00000174807.4,CD248,348,STRING
ENSG00000116132.12,PRRX1,ENSG00000174576.11,NPAS4,307,STRING
ENSG00000116132.12,PRRX1,ENSG00000162337.12,LRP5,161,STRING
ENSG00000116132.12,PRRX1,ENSG00000075388.4,FGF4,229,STRING
ENSG00000116132.12,PRRX1,ENSG00000186895.4,FGF3,204,STRING
ENSG00000116132.12,PRRX1,ENSG00000175538.11,KCNE3,165,STRING
ENSG00000116132.12,PRRX1,ENSG00000134640.3,MTNR1B,224,STRING
ENSG00000116132.12,PRRX1,ENSG00000165895.19,ARHGAP42,315,STRING
ENSG00000116132.12,PRRX1,ENSG00000137745.13,MMP13,232,STRING
ENSG00000116132.12,PRRX1,ENSG00000178105.12,DDX10,658,STRING
ENSG00000116132.12,PRRX1,ENSG00000149575.9,SCN2B,168,STRING
ENSG00000116132.12,PRRX1,ENSG00000076706.17,MCAM,324,STRING
ENSG00000116132.12,PRRX1,ENSG00000154096.14,THY1,361,STRING
ENSG00000116132.12,PRRX1,ENSG00000134954.14,ETS1,234,STRING
ENSG00000116132.12,PRRX1,ENSG00000073614.13,KDM5A,162,STRING
ENSG00000116132.12,PRRX1,ENSG00000151067.23,CACNA1C,175,STRING
ENSG00000116132.12,PRRX1,ENSG00000010610.10,CD4,153,STRING
ENSG00000116132.12,PRRX1,ENSG00000111704.11,NANOG,159,STRING
ENSG00000116132.12,PRRX1,ENSG00000197614.11,MFAP5,263,STRING
ENSG00000116132.12,PRRX1,ENSG00000111341.10,MGP,170,STRING
ENSG00000116132.12,PRRX1,ENSG00000139155.9,SLCO1C1,183,STRING
ENSG00000116132.12,PRRX1,ENSG00000111700.13,SLCO1B3,160,STRING
ENSG00000116132.12,PRRX1,ENSG00000257046.5,SLCO1B3-SLCO1B7,160,STRING
ENSG00000116132.12,PRRX1,ENSG00000134538.3,SLCO1B1,160,STRING
ENSG00000116132.12,PRRX1,ENSG00000084453.17,SLCO1A2,211,STRING
ENSG00000116132.12,PRRX1,ENSG00000087494.16,PTHLH,273,STRING
ENSG00000116132.12,PRRX1,ENSG00000185610.6,DBX2,178,STRING
ENSG00000116132.12,PRRX1,ENSG00000169884.14,WNT10B,155,STRING
ENSG00000116132.12,PRRX1,ENSG00000125084.13,WNT1,216,STRING
ENSG00000116132.12,PRRX1,ENSG00000139549.4,DHH,164,STRING
ENSG00000116132.12,PRRX1,ENSG00000139567.14,ACVRL1,222,STRING
ENSG00000116132.12,PRRX1,ENSG00000135503.13,ACVR1B,174,STRING
ENSG00000116132.12,PRRX1,ENSG00000123364.5,HOXC13,617,STRING
ENSG00000116132.12,PRRX1,ENSG00000197757.8,HOXC6,269,STRING
ENSG00000116132.12,PRRX1,ENSG00000123374.11,CDK2,174,STRING
ENSG00000116132.12,PRRX1,ENSG00000139531.13,SUOX,1000,HuRI
ENSG00000116132.12,PRRX1,ENSG00000149948.14,HMGA2,169,STRING
ENSG00000116132.12,PRRX1,ENSG00000139292.13,LGR5,280,STRING
ENSG00000116132.12,PRRX1,ENSG00000049130.16,KITLG,220,STRING
ENSG00000116132.12,PRRX1,ENSG00000083782.8,EPYC,177,STRING
ENSG00000116132.12,PRRX1,ENSG00000139329.5,LUM,448,STRING
ENSG00000116132.12,PRRX1,ENSG00000011465.18,DCN,315,STRING
ENSG00000116132.12,PRRX1,ENSG00000120820.13,GLT8D2,395,STRING
ENSG00000116132.12,PRRX1,ENSG00000111249.14,CUX2,321,STRING
ENSG00000116132.12,PRRX1,ENSG00000204842.18,ATXN2,208,STRING
ENSG00000116132.12,PRRX1,ENSG00000122965.11,RBM19,175,STRING
ENSG00000116132.12,PRRX1,ENSG00000135100.19,HNF1A,231,STRING
ENSG00000116132.12,PRRX1,ENSG00000102678.7,FGF9,258,STRING
ENSG00000116132.12,PRRX1,ENSG00000122025.15,FLT3,187,STRING
ENSG00000116132.12,PRRX1,ENSG00000102755.13,FLT1,203,STRING
ENSG00000116132.12,PRRX1,ENSG00000187676.8,B3GLCT,197,STRING
ENSG00000116132.12,PRRX1,ENSG00000133110.15,POSTN,574,STRING
ENSG00000116132.12,PRRX1,ENSG00000150907.10,FOXO1,193,STRING
ENSG00000116132.12,PRRX1,ENSG00000136108.15,CKAP2,155,STRING
ENSG00000116132.12,PRRX1,ENSG00000183098.12,GPC6,152,STRING
ENSG00000116132.12,PRRX1,ENSG00000043355.12,ZIC2,172,STRING
ENSG00000116132.12,PRRX1,ENSG00000187498.17,COL4A1,229,STRING
ENSG00000116132.12,PRRX1,ENSG00000134871.20,COL4A2,177,STRING
ENSG00000116132.12,PRRX1,ENSG00000183087.15,GAS6,190,STRING
ENSG00000116132.12,PRRX1,ENSG00000100968.14,NFATC4,296,STRING
ENSG00000116132.12,PRRX1,ENSG00000176165.13,FOXG1,193,STRING
ENSG00000116132.12,PRRX1,ENSG00000136327.7,NKX2-8,171,STRING
ENSG00000116132.12,PRRX1,ENSG00000129514.8,FOXA1,178,STRING
ENSG00000116132.12,PRRX1,ENSG00000125378.16,BMP4,328,STRING
ENSG00000116132.12,PRRX1,ENSG00000184302.7,SIX6,169,STRING
ENSG00000116132.12,PRRX1,ENSG00000100625.9,SIX4,225,STRING
ENSG00000116132.12,PRRX1,ENSG00000267909.3,CCDC177,195,STRING
ENSG00000116132.12,PRRX1,ENSG00000119681.12,LTBP2,349,STRING
ENSG00000116132.12,PRRX1,ENSG00000119608.15,PROX2,164,STRING
ENSG00000116132.12,PRRX1,ENSG00000119699.8,TGFB3,563,STRING
ENSG00000116132.12,PRRX1,ENSG00000053254.16,FOXN3,181,STRING
ENSG00000116132.12,PRRX1,ENSG00000100697.17,DICER1,161,STRING
ENSG00000116132.12,PRRX1,ENSG00000185559.16,DLK1,288,STRING
ENSG00000116132.12,PRRX1,ENSG00000080823.23,MOK,321,STRING
ENSG00000116132.12,PRRX1,ENSG00000100865.15,CINP,1000,HuRI
ENSG00000116132.12,PRRX1,ENSG00000184916.9,JAG2,152,STRING
ENSG00000116132.12,PRRX1,ENSG00000104059.5,ENTREP2,160,STRING
ENSG00000116132.12,PRRX1,ENSG00000104067.17,TJP1,167,STRING
ENSG00000116132.12,PRRX1,ENSG00000159251.10,ACTC1,175,STRING
ENSG00000116132.12,PRRX1,ENSG00000137801.11,THBS1,331,STRING
ENSG00000116132.12,PRRX1,ENSG00000128917.8,DLL4,188,STRING
ENSG00000116132.12,PRRX1,ENSG00000140285.12,FGF7,352,STRING
ENSG00000116132.12,PRRX1,ENSG00000169856.9,ONECUT1,302,STRING
ENSG00000116132.12,PRRX1,ENSG00000128918.15,ALDH1A2,161,STRING
ENSG00000116132.12,PRRX1,ENSG00000103671.10,TRIP4,185,STRING
ENSG00000116132.12,PRRX1,ENSG00000138615.6,CILP,262,STRING
ENSG00000116132.12,PRRX1,ENSG00000137809.17,ITGA11,372,STRING
ENSG00000116132.12,PRRX1,ENSG00000166173.11,LARP6,171,STRING
ENSG00000116132.12,PRRX1,ENSG00000138622.4,HCN4,392,STRING
ENSG00000116132.12,PRRX1,ENSG00000129038.16,LOXL1,347,STRING
ENSG00000116132.12,PRRX1,ENSG00000129009.13,ISLR,314,STRING
ENSG00000116132.12,PRRX1,ENSG00000173546.7,CSPG4,283,STRING
ENSG00000116132.12,PRRX1,ENSG00000103888.17,CEMIP,176,STRING
ENSG00000116132.12,PRRX1,ENSG00000157766.19,ACAN,266,STRING
ENSG00000116132.12,PRRX1,ENSG00000140534.14,TICRR,178,STRING
ENSG00000116132.12,PRRX1,ENSG00000166819.12,PLIN1,219,STRING
ENSG00000116132.12,PRRX1,ENSG00000166823.6,MESP1,155,STRING
ENSG00000116132.12,PRRX1,ENSG00000188095.6,MESP2,168,STRING
ENSG00000116132.12,PRRX1,ENSG00000140563.16,MCTP2,220,STRING
ENSG00000116132.12,PRRX1,ENSG00000185551.15,NR2F2,260,STRING
ENSG00000116132.12,PRRX1,ENSG00000184254.18,ALDH1A3,156,STRING
ENSG00000116132.12,PRRX1,ENSG00000005513.11,SOX8,279,STRING
ENSG00000116132.12,PRRX1,ENSG00000133392.19,MYH11,264,STRING
ENSG00000116132.12,PRRX1,ENSG00000103310.11,ZP2,187,STRING
ENSG00000116132.12,PRRX1,ENSG00000166501.14,PRKCB,170,STRING
ENSG00000116132.12,PRRX1,ENSG00000255439.6,,177,STRING
ENSG00000116132.12,PRRX1,ENSG00000140682.19,TGFB1I1,305,STRING
ENSG00000116132.12,PRRX1,ENSG00000102935.12,ZNF423,244,STRING
ENSG00000116132.12,PRRX1,ENSG00000177508.12,IRX3,335,STRING
ENSG00000116132.12,PRRX1,ENSG00000176842.16,IRX5,286,STRING
ENSG00000116132.12,PRRX1,ENSG00000140937.14,CDH11,388,STRING
ENSG00000116132.12,PRRX1,ENSG00000179776.20,CDH5,266,STRING
ENSG00000116132.12,PRRX1,ENSG00000103067.14,ESRP2,159,STRING
ENSG00000116132.12,PRRX1,ENSG00000039068.20,CDH1,438,STRING
ENSG00000116132.12,PRRX1,ENSG00000178573.7,MAF,207,STRING
ENSG00000116132.12,PRRX1,ENSG00000103241.7,FOXF1,351,STRING
ENSG00000116132.12,PRRX1,ENSG00000176678.6,FOXL1,152,STRING
ENSG00000116132.12,PRRX1,ENSG00000225614.4,ZNF469,206,STRING
ENSG00000116132.12,PRRX1,ENSG00000185669.6,SNAI3,216,STRING
ENSG00000116132.12,PRRX1,ENSG00000141252.21,VPS53,241,STRING
ENSG00000116132.12,PRRX1,ENSG00000167695.15,TLCD3A,281,STRING
ENSG00000116132.12,PRRX1,ENSG00000186532.12,SMYD4,178,STRING
ENSG00000116132.12,PRRX1,ENSG00000177374.13,HIC1,165,STRING
ENSG00000116132.12,PRRX1,ENSG00000040633.13,PHF23,516,STRING
ENSG00000116132.12,PRRX1,ENSG00000141510.19,TP53,261,STRING
ENSG00000116132.12,PRRX1,ENSG00000166482.12,MFAP4,171,STRING
ENSG00000116132.12,PRRX1,ENSG00000141736.14,ERBB2,167,STRING
ENSG00000116132.12,PRRX1,ENSG00000094804.12,CDC6,261,STRING
ENSG00000116132.12,PRRX1,ENSG00000141756.20,FKBP10,429,STRING
ENSG00000116132.12,PRRX1,ENSG00000180340.7,FZD2,177,STRING
ENSG00000116132.12,PRRX1,ENSG00000158955.11,WNT9B,212,STRING
ENSG00000116132.12,PRRX1,ENSG00000259207.10,ITGB3,153,STRING
ENSG00000116132.12,PRRX1,ENSG00000005243.10,COPZ2,447,STRING
ENSG00000116132.12,PRRX1,ENSG00000159184.8,HOXB13,662,STRING
ENSG00000116132.12,PRRX1,ENSG00000064300.9,NGFR,204,STRING
ENSG00000116132.12,PRRX1,ENSG00000108924.14,HLF,245,STRING
ENSG00000116132.12,PRRX1,ENSG00000121075.11,TBX4,317,STRING
ENSG00000116132.12,PRRX1,ENSG00000261371.6,PECAM1,283,STRING
ENSG00000116132.12,PRRX1,ENSG00000154258.17,ABCA9,164,STRING
ENSG00000116132.12,PRRX1,ENSG00000125398.8,SOX9,540,STRING
ENSG00000116132.12,PRRX1,ENSG00000035862.13,TIMP2,286,STRING
ENSG00000116132.12,PRRX1,ENSG00000158270.12,COLEC12,208,STRING
ENSG00000116132.12,PRRX1,ENSG00000154856.13,APCDD1,177,STRING
ENSG00000116132.12,PRRX1,ENSG00000141448.11,GATA6,294,STRING
ENSG00000116132.12,PRRX1,ENSG00000170558.10,CDH2,449,STRING
ENSG00000116132.12,PRRX1,ENSG00000119547.6,ONECUT2,223,STRING
ENSG00000116132.12,PRRX1,ENSG00000071991.9,CDH19,173,STRING
ENSG00000116132.12,PRRX1,ENSG00000131196.18,NFATC1,170,STRING
ENSG00000116132.12,PRRX1,ENSG00000070388.12,FGF22,261,STRING
ENSG00000116132.12,PRRX1,ENSG00000125651.14,GTF2F1,248,STRING
ENSG00000116132.12,PRRX1,ENSG00000142449.13,FBN3,176,STRING
ENSG00000116132.12,PRRX1,ENSG00000080573.7,COL5A3,182,STRING
ENSG00000116132.12,PRRX1,ENSG00000130816.17,DNMT1,188,STRING
ENSG00000116132.12,PRRX1,ENSG00000130176.8,CNN1,152,STRING
ENSG00000116132.12,PRRX1,ENSG00000102575.14,ACP5,154,STRING
ENSG00000116132.12,PRRX1,ENSG00000105011.9,ASF1B,247,STRING
ENSG00000116132.12,PRRX1,ENSG00000127528.6,KLF2,190,STRING
ENSG00000116132.12,PRRX1,ENSG00000105656.13,ELL,186,STRING
ENSG00000116132.12,PRRX1,ENSG00000213096.11,ZNF254,181,STRING
ENSG00000116132.12,PRRX1,ENSG00000245848.3,CEBPA,201,STRING
ENSG00000116132.12,PRRX1,ENSG00000004776.13,HSPB6,179,STRING
ENSG00000116132.12,PRRX1,ENSG00000275395.7,FCGBP,160,STRING
ENSG00000116132.12,PRRX1,ENSG00000090006.18,LTBP4,166,STRING
ENSG00000116132.12,PRRX1,ENSG00000167601.12,AXL,182,STRING
ENSG00000116132.12,PRRX1,ENSG00000142025.16,DMRTC2,210,STRING
ENSG00000116132.12,PRRX1,ENSG00000130203.10,APOE,162,STRING
ENSG00000116132.12,PRRX1,ENSG00000170608.3,FOXA3,152,STRING
ENSG00000116132.12,PRRX1,ENSG00000125878.7,TCF15,178,STRING
ENSG00000116132.12,PRRX1,ENSG00000125845.7,BMP2,264,STRING
ENSG00000116132.12,PRRX1,ENSG00000101384.12,JAG1,221,STRING
ENSG00000116132.12,PRRX1,ENSG00000125813.15,PAX1,278,STRING
ENSG00000116132.12,PRRX1,ENSG00000125798.15,FOXA2,360,STRING
ENSG00000116132.12,PRRX1,ENSG00000125810.11,CD93,158,STRING
ENSG00000116132.12,PRRX1,ENSG00000088320.4,REM1,179,STRING
ENSG00000116132.12,PRRX1,ENSG00000088305.19,DNMT3B,150,STRING
ENSG00000116132.12,PRRX1,ENSG00000125965.9,GDF5,308,STRING
ENSG00000116132.12,PRRX1,ENSG00000118707.11,TGIF2,174,STRING
ENSG00000116132.12,PRRX1,ENSG00000197122.13,SRC,172,STRING
ENSG00000116132.12,PRRX1,ENSG00000149633.12,KIAA1755,205,STRING
ENSG00000116132.12,PRRX1,ENSG00000198900.7,TOP1,402,STRING
ENSG00000116132.12,PRRX1,ENSG00000101076.20,HNF4A,184,STRING
ENSG00000116132.12,PRRX1,ENSG00000100979.15,PLTP,177,STRING
ENSG00000116132.12,PRRX1,ENSG00000100985.7,MMP9,175,STRING
ENSG00000116132.12,PRRX1,ENSG00000124212.6,PTGIS,240,STRING
ENSG00000116132.12,PRRX1,ENSG00000172216.7,CEBPB,164,STRING
ENSG00000116132.12,PRRX1,ENSG00000101115.13,SALL4,271,STRING
ENSG00000116132.12,PRRX1,ENSG00000022277.13,RTF2,165,STRING
ENSG00000116132.12,PRRX1,ENSG00000213714.1,FAM209B,165,STRING
ENSG00000116132.12,PRRX1,ENSG00000101146.13,RAE1,416,STRING
ENSG00000116132.12,PRRX1,ENSG00000092758.18,COL9A3,205,STRING
ENSG00000116132.12,PRRX1,ENSG00000203883.7,SOX18,150,STRING
ENSG00000116132.12,PRRX1,ENSG00000154736.6,ADAMTS5,274,STRING
ENSG00000116132.12,PRRX1,ENSG00000159197.5,KCNE2,180,STRING
ENSG00000116132.12,PRRX1,ENSG00000182871.16,COL18A1,151,STRING
ENSG00000116132.12,PRRX1,ENSG00000142156.16,COL6A1,408,STRING
ENSG00000116132.12,PRRX1,ENSG00000142173.17,COL6A2,422,STRING
ENSG00000116132.12,PRRX1,ENSG00000184058.16,TBX1,181,STRING
ENSG00000116132.12,PRRX1,ENSG00000100234.12,TIMP3,369,STRING
ENSG00000116132.12,PRRX1,ENSG00000100097.12,LGALS1,155,STRING
